# .PCD v0.7 - Point Cloud Data file format
VERSION 0.7
FIELDS x y z
SIZE 4 4 4
TYPE F F F
COUNT 1 1 1
WIDTH 10820
HEIGHT 1
VIEWPOINT 0 0 0 1 0 0 0
POINTS 10820
DATA ascii
-4.1500 -4.1000 0.0000
-4.1551 -4.0612 0.0000
-4.1701 -4.0250 0.0000
-4.1939 -3.9939 0.0000
-4.2250 -3.9701 0.0000
-4.2612 -3.9551 0.0000
-4.3000 -3.9500 0.0000
-4.3388 -3.9551 0.0000
-4.3750 -3.9701 0.0000
-4.4061 -3.9939 0.0000
-4.4299 -4.0250 0.0000
-4.4449 -4.0612 0.0000
-4.4500 -4.1000 0.0000
-4.4449 -4.1388 0.0000
-4.4299 -4.1750 0.0000
-4.4061 -4.2061 0.0000
-4.3750 -4.2299 0.0000
-4.3388 -4.2449 0.0000
-4.3000 -4.2500 0.0000
-4.2612 -4.2449 0.0000
-4.2250 -4.2299 0.0000
-4.1939 -4.2061 0.0000
-4.1701 -4.1750 0.0000
-4.1551 -4.1388 0.0000
-4.1500 -4.1000 0.0500
-4.1551 -4.0612 0.0500
-4.1701 -4.0250 0.0500
-4.1939 -3.9939 0.0500
-4.2250 -3.9701 0.0500
-4.2612 -3.9551 0.0500
-4.3000 -3.9500 0.0500
-4.3388 -3.9551 0.0500
-4.3750 -3.9701 0.0500
-4.4061 -3.9939 0.0500
-4.4299 -4.0250 0.0500
-4.4449 -4.0612 0.0500
-4.4500 -4.1000 0.0500
-4.4449 -4.1388 0.0500
-4.4299 -4.1750 0.0500
-4.4061 -4.2061 0.0500
-4.3750 -4.2299 0.0500
-4.3388 -4.2449 0.0500
-4.3000 -4.2500 0.0500
-4.2612 -4.2449 0.0500
-4.2250 -4.2299 0.0500
-4.1939 -4.2061 0.0500
-4.1701 -4.1750 0.0500
-4.1551 -4.1388 0.0500
-4.1500 -4.1000 0.1000
-4.1551 -4.0612 0.1000
-4.1701 -4.0250 0.1000
-4.1939 -3.9939 0.1000
-4.2250 -3.9701 0.1000
-4.2612 -3.9551 0.1000
-4.3000 -3.9500 0.1000
-4.3388 -3.9551 0.1000
-4.3750 -3.9701 0.1000
-4.4061 -3.9939 0.1000
-4.4299 -4.0250 0.1000
-4.4449 -4.0612 0.1000
-4.4500 -4.1000 0.1000
-4.4449 -4.1388 0.1000
-4.4299 -4.1750 0.1000
-4.4061 -4.2061 0.1000
-4.3750 -4.2299 0.1000
-4.3388 -4.2449 0.1000
-4.3000 -4.2500 0.1000
-4.2612 -4.2449 0.1000
-4.2250 -4.2299 0.1000
-4.1939 -4.2061 0.1000
-4.1701 -4.1750 0.1000
-4.1551 -4.1388 0.1000
-4.1500 -4.1000 0.1500
-4.1551 -4.0612 0.1500
-4.1701 -4.0250 0.1500
-4.1939 -3.9939 0.1500
-4.2250 -3.9701 0.1500
-4.2612 -3.9551 0.1500
-4.3000 -3.9500 0.1500
-4.3388 -3.9551 0.1500
-4.3750 -3.9701 0.1500
-4.4061 -3.9939 0.1500
-4.4299 -4.0250 0.1500
-4.4449 -4.0612 0.1500
-4.4500 -4.1000 0.1500
-4.4449 -4.1388 0.1500
-4.4299 -4.1750 0.1500
-4.4061 -4.2061 0.1500
-4.3750 -4.2299 0.1500
-4.3388 -4.2449 0.1500
-4.3000 -4.2500 0.1500
-4.2612 -4.2449 0.1500
-4.2250 -4.2299 0.1500
-4.1939 -4.2061 0.1500
-4.1701 -4.1750 0.1500
-4.1551 -4.1388 0.1500
-4.1500 -4.1000 0.2000
-4.1551 -4.0612 0.2000
-4.1701 -4.0250 0.2000
-4.1939 -3.9939 0.2000
-4.2250 -3.9701 0.2000
-4.2612 -3.9551 0.2000
-4.3000 -3.9500 0.2000
-4.3388 -3.9551 0.2000
-4.3750 -3.9701 0.2000
-4.4061 -3.9939 0.2000
-4.4299 -4.0250 0.2000
-4.4449 -4.0612 0.2000
-4.4500 -4.1000 0.2000
-4.4449 -4.1388 0.2000
-4.4299 -4.1750 0.2000
-4.4061 -4.2061 0.2000
-4.3750 -4.2299 0.2000
-4.3388 -4.2449 0.2000
-4.3000 -4.2500 0.2000
-4.2612 -4.2449 0.2000
-4.2250 -4.2299 0.2000
-4.1939 -4.2061 0.2000
-4.1701 -4.1750 0.2000
-4.1551 -4.1388 0.2000
-4.1500 -4.1000 0.2500
-4.1551 -4.0612 0.2500
-4.1701 -4.0250 0.2500
-4.1939 -3.9939 0.2500
-4.2250 -3.9701 0.2500
-4.2612 -3.9551 0.2500
-4.3000 -3.9500 0.2500
-4.3388 -3.9551 0.2500
-4.3750 -3.9701 0.2500
-4.4061 -3.9939 0.2500
-4.4299 -4.0250 0.2500
-4.4449 -4.0612 0.2500
-4.4500 -4.1000 0.2500
-4.4449 -4.1388 0.2500
-4.4299 -4.1750 0.2500
-4.4061 -4.2061 0.2500
-4.3750 -4.2299 0.2500
-4.3388 -4.2449 0.2500
-4.3000 -4.2500 0.2500
-4.2612 -4.2449 0.2500
-4.2250 -4.2299 0.2500
-4.1939 -4.2061 0.2500
-4.1701 -4.1750 0.2500
-4.1551 -4.1388 0.2500
-4.1500 -4.1000 0.3000
-4.1551 -4.0612 0.3000
-4.1701 -4.0250 0.3000
-4.1939 -3.9939 0.3000
-4.2250 -3.9701 0.3000
-4.2612 -3.9551 0.3000
-4.3000 -3.9500 0.3000
-4.3388 -3.9551 0.3000
-4.3750 -3.9701 0.3000
-4.4061 -3.9939 0.3000
-4.4299 -4.0250 0.3000
-4.4449 -4.0612 0.3000
-4.4500 -4.1000 0.3000
-4.4449 -4.1388 0.3000
-4.4299 -4.1750 0.3000
-4.4061 -4.2061 0.3000
-4.3750 -4.2299 0.3000
-4.3388 -4.2449 0.3000
-4.3000 -4.2500 0.3000
-4.2612 -4.2449 0.3000
-4.2250 -4.2299 0.3000
-4.1939 -4.2061 0.3000
-4.1701 -4.1750 0.3000
-4.1551 -4.1388 0.3000
-4.1500 -4.1000 0.3500
-4.1551 -4.0612 0.3500
-4.1701 -4.0250 0.3500
-4.1939 -3.9939 0.3500
-4.2250 -3.9701 0.3500
-4.2612 -3.9551 0.3500
-4.3000 -3.9500 0.3500
-4.3388 -3.9551 0.3500
-4.3750 -3.9701 0.3500
-4.4061 -3.9939 0.3500
-4.4299 -4.0250 0.3500
-4.4449 -4.0612 0.3500
-4.4500 -4.1000 0.3500
-4.4449 -4.1388 0.3500
-4.4299 -4.1750 0.3500
-4.4061 -4.2061 0.3500
-4.3750 -4.2299 0.3500
-4.3388 -4.2449 0.3500
-4.3000 -4.2500 0.3500
-4.2612 -4.2449 0.3500
-4.2250 -4.2299 0.3500
-4.1939 -4.2061 0.3500
-4.1701 -4.1750 0.3500
-4.1551 -4.1388 0.3500
-4.1500 -4.1000 0.4000
-4.1551 -4.0612 0.4000
-4.1701 -4.0250 0.4000
-4.1939 -3.9939 0.4000
-4.2250 -3.9701 0.4000
-4.2612 -3.9551 0.4000
-4.3000 -3.9500 0.4000
-4.3388 -3.9551 0.4000
-4.3750 -3.9701 0.4000
-4.4061 -3.9939 0.4000
-4.4299 -4.0250 0.4000
-4.4449 -4.0612 0.4000
-4.4500 -4.1000 0.4000
-4.4449 -4.1388 0.4000
-4.4299 -4.1750 0.4000
-4.4061 -4.2061 0.4000
-4.3750 -4.2299 0.4000
-4.3388 -4.2449 0.4000
-4.3000 -4.2500 0.4000
-4.2612 -4.2449 0.4000
-4.2250 -4.2299 0.4000
-4.1939 -4.2061 0.4000
-4.1701 -4.1750 0.4000
-4.1551 -4.1388 0.4000
-4.1500 -4.1000 0.4500
-4.1551 -4.0612 0.4500
-4.1701 -4.0250 0.4500
-4.1939 -3.9939 0.4500
-4.2250 -3.9701 0.4500
-4.2612 -3.9551 0.4500
-4.3000 -3.9500 0.4500
-4.3388 -3.9551 0.4500
-4.3750 -3.9701 0.4500
-4.4061 -3.9939 0.4500
-4.4299 -4.0250 0.4500
-4.4449 -4.0612 0.4500
-4.4500 -4.1000 0.4500
-4.4449 -4.1388 0.4500
-4.4299 -4.1750 0.4500
-4.4061 -4.2061 0.4500
-4.3750 -4.2299 0.4500
-4.3388 -4.2449 0.4500
-4.3000 -4.2500 0.4500
-4.2612 -4.2449 0.4500
-4.2250 -4.2299 0.4500
-4.1939 -4.2061 0.4500
-4.1701 -4.1750 0.4500
-4.1551 -4.1388 0.4500
-4.1500 -4.1000 0.5000
-4.1551 -4.0612 0.5000
-4.1701 -4.0250 0.5000
-4.1939 -3.9939 0.5000
-4.2250 -3.9701 0.5000
-4.2612 -3.9551 0.5000
-4.3000 -3.9500 0.5000
-4.3388 -3.9551 0.5000
-4.3750 -3.9701 0.5000
-4.4061 -3.9939 0.5000
-4.4299 -4.0250 0.5000
-4.4449 -4.0612 0.5000
-4.4500 -4.1000 0.5000
-4.4449 -4.1388 0.5000
-4.4299 -4.1750 0.5000
-4.4061 -4.2061 0.5000
-4.3750 -4.2299 0.5000
-4.3388 -4.2449 0.5000
-4.3000 -4.2500 0.5000
-4.2612 -4.2449 0.5000
-4.2250 -4.2299 0.5000
-4.1939 -4.2061 0.5000
-4.1701 -4.1750 0.5000
-4.1551 -4.1388 0.5000
-4.1500 -4.1000 0.5500
-4.1551 -4.0612 0.5500
-4.1701 -4.0250 0.5500
-4.1939 -3.9939 0.5500
-4.2250 -3.9701 0.5500
-4.2612 -3.9551 0.5500
-4.3000 -3.9500 0.5500
-4.3388 -3.9551 0.5500
-4.3750 -3.9701 0.5500
-4.4061 -3.9939 0.5500
-4.4299 -4.0250 0.5500
-4.4449 -4.0612 0.5500
-4.4500 -4.1000 0.5500
-4.4449 -4.1388 0.5500
-4.4299 -4.1750 0.5500
-4.4061 -4.2061 0.5500
-4.3750 -4.2299 0.5500
-4.3388 -4.2449 0.5500
-4.3000 -4.2500 0.5500
-4.2612 -4.2449 0.5500
-4.2250 -4.2299 0.5500
-4.1939 -4.2061 0.5500
-4.1701 -4.1750 0.5500
-4.1551 -4.1388 0.5500
-4.1500 -4.1000 0.6000
-4.1551 -4.0612 0.6000
-4.1701 -4.0250 0.6000
-4.1939 -3.9939 0.6000
-4.2250 -3.9701 0.6000
-4.2612 -3.9551 0.6000
-4.3000 -3.9500 0.6000
-4.3388 -3.9551 0.6000
-4.3750 -3.9701 0.6000
-4.4061 -3.9939 0.6000
-4.4299 -4.0250 0.6000
-4.4449 -4.0612 0.6000
-4.4500 -4.1000 0.6000
-4.4449 -4.1388 0.6000
-4.4299 -4.1750 0.6000
-4.4061 -4.2061 0.6000
-4.3750 -4.2299 0.6000
-4.3388 -4.2449 0.6000
-4.3000 -4.2500 0.6000
-4.2612 -4.2449 0.6000
-4.2250 -4.2299 0.6000
-4.1939 -4.2061 0.6000
-4.1701 -4.1750 0.6000
-4.1551 -4.1388 0.6000
-4.1500 -4.1000 0.6500
-4.1551 -4.0612 0.6500
-4.1701 -4.0250 0.6500
-4.1939 -3.9939 0.6500
-4.2250 -3.9701 0.6500
-4.2612 -3.9551 0.6500
-4.3000 -3.9500 0.6500
-4.3388 -3.9551 0.6500
-4.3750 -3.9701 0.6500
-4.4061 -3.9939 0.6500
-4.4299 -4.0250 0.6500
-4.4449 -4.0612 0.6500
-4.4500 -4.1000 0.6500
-4.4449 -4.1388 0.6500
-4.4299 -4.1750 0.6500
-4.4061 -4.2061 0.6500
-4.3750 -4.2299 0.6500
-4.3388 -4.2449 0.6500
-4.3000 -4.2500 0.6500
-4.2612 -4.2449 0.6500
-4.2250 -4.2299 0.6500
-4.1939 -4.2061 0.6500
-4.1701 -4.1750 0.6500
-4.1551 -4.1388 0.6500
-4.1500 -4.1000 0.7000
-4.1551 -4.0612 0.7000
-4.1701 -4.0250 0.7000
-4.1939 -3.9939 0.7000
-4.2250 -3.9701 0.7000
-4.2612 -3.9551 0.7000
-4.3000 -3.9500 0.7000
-4.3388 -3.9551 0.7000
-4.3750 -3.9701 0.7000
-4.4061 -3.9939 0.7000
-4.4299 -4.0250 0.7000
-4.4449 -4.0612 0.7000
-4.4500 -4.1000 0.7000
-4.4449 -4.1388 0.7000
-4.4299 -4.1750 0.7000
-4.4061 -4.2061 0.7000
-4.3750 -4.2299 0.7000
-4.3388 -4.2449 0.7000
-4.3000 -4.2500 0.7000
-4.2612 -4.2449 0.7000
-4.2250 -4.2299 0.7000
-4.1939 -4.2061 0.7000
-4.1701 -4.1750 0.7000
-4.1551 -4.1388 0.7000
-4.1500 -4.1000 0.7500
-4.1551 -4.0612 0.7500
-4.1701 -4.0250 0.7500
-4.1939 -3.9939 0.7500
-4.2250 -3.9701 0.7500
-4.2612 -3.9551 0.7500
-4.3000 -3.9500 0.7500
-4.3388 -3.9551 0.7500
-4.3750 -3.9701 0.7500
-4.4061 -3.9939 0.7500
-4.4299 -4.0250 0.7500
-4.4449 -4.0612 0.7500
-4.4500 -4.1000 0.7500
-4.4449 -4.1388 0.7500
-4.4299 -4.1750 0.7500
-4.4061 -4.2061 0.7500
-4.3750 -4.2299 0.7500
-4.3388 -4.2449 0.7500
-4.3000 -4.2500 0.7500
-4.2612 -4.2449 0.7500
-4.2250 -4.2299 0.7500
-4.1939 -4.2061 0.7500
-4.1701 -4.1750 0.7500
-4.1551 -4.1388 0.7500
-4.1500 -4.1000 0.8000
-4.1551 -4.0612 0.8000
-4.1701 -4.0250 0.8000
-4.1939 -3.9939 0.8000
-4.2250 -3.9701 0.8000
-4.2612 -3.9551 0.8000
-4.3000 -3.9500 0.8000
-4.3388 -3.9551 0.8000
-4.3750 -3.9701 0.8000
-4.4061 -3.9939 0.8000
-4.4299 -4.0250 0.8000
-4.4449 -4.0612 0.8000
-4.4500 -4.1000 0.8000
-4.4449 -4.1388 0.8000
-4.4299 -4.1750 0.8000
-4.4061 -4.2061 0.8000
-4.3750 -4.2299 0.8000
-4.3388 -4.2449 0.8000
-4.3000 -4.2500 0.8000
-4.2612 -4.2449 0.8000
-4.2250 -4.2299 0.8000
-4.1939 -4.2061 0.8000
-4.1701 -4.1750 0.8000
-4.1551 -4.1388 0.8000
-4.1500 -4.1000 0.8500
-4.1551 -4.0612 0.8500
-4.1701 -4.0250 0.8500
-4.1939 -3.9939 0.8500
-4.2250 -3.9701 0.8500
-4.2612 -3.9551 0.8500
-4.3000 -3.9500 0.8500
-4.3388 -3.9551 0.8500
-4.3750 -3.9701 0.8500
-4.4061 -3.9939 0.8500
-4.4299 -4.0250 0.8500
-4.4449 -4.0612 0.8500
-4.4500 -4.1000 0.8500
-4.4449 -4.1388 0.8500
-4.4299 -4.1750 0.8500
-4.4061 -4.2061 0.8500
-4.3750 -4.2299 0.8500
-4.3388 -4.2449 0.8500
-4.3000 -4.2500 0.8500
-4.2612 -4.2449 0.8500
-4.2250 -4.2299 0.8500
-4.1939 -4.2061 0.8500
-4.1701 -4.1750 0.8500
-4.1551 -4.1388 0.8500
-4.1500 -4.1000 0.9000
-4.1551 -4.0612 0.9000
-4.1701 -4.0250 0.9000
-4.1939 -3.9939 0.9000
-4.2250 -3.9701 0.9000
-4.2612 -3.9551 0.9000
-4.3000 -3.9500 0.9000
-4.3388 -3.9551 0.9000
-4.3750 -3.9701 0.9000
-4.4061 -3.9939 0.9000
-4.4299 -4.0250 0.9000
-4.4449 -4.0612 0.9000
-4.4500 -4.1000 0.9000
-4.4449 -4.1388 0.9000
-4.4299 -4.1750 0.9000
-4.4061 -4.2061 0.9000
-4.3750 -4.2299 0.9000
-4.3388 -4.2449 0.9000
-4.3000 -4.2500 0.9000
-4.2612 -4.2449 0.9000
-4.2250 -4.2299 0.9000
-4.1939 -4.2061 0.9000
-4.1701 -4.1750 0.9000
-4.1551 -4.1388 0.9000
-4.1500 -4.1000 0.9500
-4.1551 -4.0612 0.9500
-4.1701 -4.0250 0.9500
-4.1939 -3.9939 0.9500
-4.2250 -3.9701 0.9500
-4.2612 -3.9551 0.9500
-4.3000 -3.9500 0.9500
-4.3388 -3.9551 0.9500
-4.3750 -3.9701 0.9500
-4.4061 -3.9939 0.9500
-4.4299 -4.0250 0.9500
-4.4449 -4.0612 0.9500
-4.4500 -4.1000 0.9500
-4.4449 -4.1388 0.9500
-4.4299 -4.1750 0.9500
-4.4061 -4.2061 0.9500
-4.3750 -4.2299 0.9500
-4.3388 -4.2449 0.9500
-4.3000 -4.2500 0.9500
-4.2612 -4.2449 0.9500
-4.2250 -4.2299 0.9500
-4.1939 -4.2061 0.9500
-4.1701 -4.1750 0.9500
-4.1551 -4.1388 0.9500
-4.1500 -4.1000 1.0000
-4.1551 -4.0612 1.0000
-4.1701 -4.0250 1.0000
-4.1939 -3.9939 1.0000
-4.2250 -3.9701 1.0000
-4.2612 -3.9551 1.0000
-4.3000 -3.9500 1.0000
-4.3388 -3.9551 1.0000
-4.3750 -3.9701 1.0000
-4.4061 -3.9939 1.0000
-4.4299 -4.0250 1.0000
-4.4449 -4.0612 1.0000
-4.4500 -4.1000 1.0000
-4.4449 -4.1388 1.0000
-4.4299 -4.1750 1.0000
-4.4061 -4.2061 1.0000
-4.3750 -4.2299 1.0000
-4.3388 -4.2449 1.0000
-4.3000 -4.2500 1.0000
-4.2612 -4.2449 1.0000
-4.2250 -4.2299 1.0000
-4.1939 -4.2061 1.0000
-4.1701 -4.1750 1.0000
-4.1551 -4.1388 1.0000
-4.1500 -4.1000 1.0500
-4.1551 -4.0612 1.0500
-4.1701 -4.0250 1.0500
-4.1939 -3.9939 1.0500
-4.2250 -3.9701 1.0500
-4.2612 -3.9551 1.0500
-4.3000 -3.9500 1.0500
-4.3388 -3.9551 1.0500
-4.3750 -3.9701 1.0500
-4.4061 -3.9939 1.0500
-4.4299 -4.0250 1.0500
-4.4449 -4.0612 1.0500
-4.4500 -4.1000 1.0500
-4.4449 -4.1388 1.0500
-4.4299 -4.1750 1.0500
-4.4061 -4.2061 1.0500
-4.3750 -4.2299 1.0500
-4.3388 -4.2449 1.0500
-4.3000 -4.2500 1.0500
-4.2612 -4.2449 1.0500
-4.2250 -4.2299 1.0500
-4.1939 -4.2061 1.0500
-4.1701 -4.1750 1.0500
-4.1551 -4.1388 1.0500
-4.1500 -4.1000 1.1000
-4.1551 -4.0612 1.1000
-4.1701 -4.0250 1.1000
-4.1939 -3.9939 1.1000
-4.2250 -3.9701 1.1000
-4.2612 -3.9551 1.1000
-4.3000 -3.9500 1.1000
-4.3388 -3.9551 1.1000
-4.3750 -3.9701 1.1000
-4.4061 -3.9939 1.1000
-4.4299 -4.0250 1.1000
-4.4449 -4.0612 1.1000
-4.4500 -4.1000 1.1000
-4.4449 -4.1388 1.1000
-4.4299 -4.1750 1.1000
-4.4061 -4.2061 1.1000
-4.3750 -4.2299 1.1000
-4.3388 -4.2449 1.1000
-4.3000 -4.2500 1.1000
-4.2612 -4.2449 1.1000
-4.2250 -4.2299 1.1000
-4.1939 -4.2061 1.1000
-4.1701 -4.1750 1.1000
-4.1551 -4.1388 1.1000
-4.1500 -4.1000 1.1500
-4.1551 -4.0612 1.1500
-4.1701 -4.0250 1.1500
-4.1939 -3.9939 1.1500
-4.2250 -3.9701 1.1500
-4.2612 -3.9551 1.1500
-4.3000 -3.9500 1.1500
-4.3388 -3.9551 1.1500
-4.3750 -3.9701 1.1500
-4.4061 -3.9939 1.1500
-4.4299 -4.0250 1.1500
-4.4449 -4.0612 1.1500
-4.4500 -4.1000 1.1500
-4.4449 -4.1388 1.1500
-4.4299 -4.1750 1.1500
-4.4061 -4.2061 1.1500
-4.3750 -4.2299 1.1500
-4.3388 -4.2449 1.1500
-4.3000 -4.2500 1.1500
-4.2612 -4.2449 1.1500
-4.2250 -4.2299 1.1500
-4.1939 -4.2061 1.1500
-4.1701 -4.1750 1.1500
-4.1551 -4.1388 1.1500
-4.1500 -4.1000 1.2000
-4.1551 -4.0612 1.2000
-4.1701 -4.0250 1.2000
-4.1939 -3.9939 1.2000
-4.2250 -3.9701 1.2000
-4.2612 -3.9551 1.2000
-4.3000 -3.9500 1.2000
-4.3388 -3.9551 1.2000
-4.3750 -3.9701 1.2000
-4.4061 -3.9939 1.2000
-4.4299 -4.0250 1.2000
-4.4449 -4.0612 1.2000
-4.4500 -4.1000 1.2000
-4.4449 -4.1388 1.2000
-4.4299 -4.1750 1.2000
-4.4061 -4.2061 1.2000
-4.3750 -4.2299 1.2000
-4.3388 -4.2449 1.2000
-4.3000 -4.2500 1.2000
-4.2612 -4.2449 1.2000
-4.2250 -4.2299 1.2000
-4.1939 -4.2061 1.2000
-4.1701 -4.1750 1.2000
-4.1551 -4.1388 1.2000
-4.1500 -4.1000 1.2500
-4.1551 -4.0612 1.2500
-4.1701 -4.0250 1.2500
-4.1939 -3.9939 1.2500
-4.2250 -3.9701 1.2500
-4.2612 -3.9551 1.2500
-4.3000 -3.9500 1.2500
-4.3388 -3.9551 1.2500
-4.3750 -3.9701 1.2500
-4.4061 -3.9939 1.2500
-4.4299 -4.0250 1.2500
-4.4449 -4.0612 1.2500
-4.4500 -4.1000 1.2500
-4.4449 -4.1388 1.2500
-4.4299 -4.1750 1.2500
-4.4061 -4.2061 1.2500
-4.3750 -4.2299 1.2500
-4.3388 -4.2449 1.2500
-4.3000 -4.2500 1.2500
-4.2612 -4.2449 1.2500
-4.2250 -4.2299 1.2500
-4.1939 -4.2061 1.2500
-4.1701 -4.1750 1.2500
-4.1551 -4.1388 1.2500
-4.1500 -4.1000 1.3000
-4.1551 -4.0612 1.3000
-4.1701 -4.0250 1.3000
-4.1939 -3.9939 1.3000
-4.2250 -3.9701 1.3000
-4.2612 -3.9551 1.3000
-4.3000 -3.9500 1.3000
-4.3388 -3.9551 1.3000
-4.3750 -3.9701 1.3000
-4.4061 -3.9939 1.3000
-4.4299 -4.0250 1.3000
-4.4449 -4.0612 1.3000
-4.4500 -4.1000 1.3000
-4.4449 -4.1388 1.3000
-4.4299 -4.1750 1.3000
-4.4061 -4.2061 1.3000
-4.3750 -4.2299 1.3000
-4.3388 -4.2449 1.3000
-4.3000 -4.2500 1.3000
-4.2612 -4.2449 1.3000
-4.2250 -4.2299 1.3000
-4.1939 -4.2061 1.3000
-4.1701 -4.1750 1.3000
-4.1551 -4.1388 1.3000
-4.1500 -4.1000 1.3500
-4.1551 -4.0612 1.3500
-4.1701 -4.0250 1.3500
-4.1939 -3.9939 1.3500
-4.2250 -3.9701 1.3500
-4.2612 -3.9551 1.3500
-4.3000 -3.9500 1.3500
-4.3388 -3.9551 1.3500
-4.3750 -3.9701 1.3500
-4.4061 -3.9939 1.3500
-4.4299 -4.0250 1.3500
-4.4449 -4.0612 1.3500
-4.4500 -4.1000 1.3500
-4.4449 -4.1388 1.3500
-4.4299 -4.1750 1.3500
-4.4061 -4.2061 1.3500
-4.3750 -4.2299 1.3500
-4.3388 -4.2449 1.3500
-4.3000 -4.2500 1.3500
-4.2612 -4.2449 1.3500
-4.2250 -4.2299 1.3500
-4.1939 -4.2061 1.3500
-4.1701 -4.1750 1.3500
-4.1551 -4.1388 1.3500
-4.1500 -4.1000 1.4000
-4.1551 -4.0612 1.4000
-4.1701 -4.0250 1.4000
-4.1939 -3.9939 1.4000
-4.2250 -3.9701 1.4000
-4.2612 -3.9551 1.4000
-4.3000 -3.9500 1.4000
-4.3388 -3.9551 1.4000
-4.3750 -3.9701 1.4000
-4.4061 -3.9939 1.4000
-4.4299 -4.0250 1.4000
-4.4449 -4.0612 1.4000
-4.4500 -4.1000 1.4000
-4.4449 -4.1388 1.4000
-4.4299 -4.1750 1.4000
-4.4061 -4.2061 1.4000
-4.3750 -4.2299 1.4000
-4.3388 -4.2449 1.4000
-4.3000 -4.2500 1.4000
-4.2612 -4.2449 1.4000
-4.2250 -4.2299 1.4000
-4.1939 -4.2061 1.4000
-4.1701 -4.1750 1.4000
-4.1551 -4.1388 1.4000
-4.1500 -4.1000 1.4500
-4.1551 -4.0612 1.4500
-4.1701 -4.0250 1.4500
-4.1939 -3.9939 1.4500
-4.2250 -3.9701 1.4500
-4.2612 -3.9551 1.4500
-4.3000 -3.9500 1.4500
-4.3388 -3.9551 1.4500
-4.3750 -3.9701 1.4500
-4.4061 -3.9939 1.4500
-4.4299 -4.0250 1.4500
-4.4449 -4.0612 1.4500
-4.4500 -4.1000 1.4500
-4.4449 -4.1388 1.4500
-4.4299 -4.1750 1.4500
-4.4061 -4.2061 1.4500
-4.3750 -4.2299 1.4500
-4.3388 -4.2449 1.4500
-4.3000 -4.2500 1.4500
-4.2612 -4.2449 1.4500
-4.2250 -4.2299 1.4500
-4.1939 -4.2061 1.4500
-4.1701 -4.1750 1.4500
-4.1551 -4.1388 1.4500
-4.1500 -4.1000 1.5000
-4.1551 -4.0612 1.5000
-4.1701 -4.0250 1.5000
-4.1939 -3.9939 1.5000
-4.2250 -3.9701 1.5000
-4.2612 -3.9551 1.5000
-4.3000 -3.9500 1.5000
-4.3388 -3.9551 1.5000
-4.3750 -3.9701 1.5000
-4.4061 -3.9939 1.5000
-4.4299 -4.0250 1.5000
-4.4449 -4.0612 1.5000
-4.4500 -4.1000 1.5000
-4.4449 -4.1388 1.5000
-4.4299 -4.1750 1.5000
-4.4061 -4.2061 1.5000
-4.3750 -4.2299 1.5000
-4.3388 -4.2449 1.5000
-4.3000 -4.2500 1.5000
-4.2612 -4.2449 1.5000
-4.2250 -4.2299 1.5000
-4.1939 -4.2061 1.5000
-4.1701 -4.1750 1.5000
-4.1551 -4.1388 1.5000
-4.1500 -4.1000 1.5500
-4.1551 -4.0612 1.5500
-4.1701 -4.0250 1.5500
-4.1939 -3.9939 1.5500
-4.2250 -3.9701 1.5500
-4.2612 -3.9551 1.5500
-4.3000 -3.9500 1.5500
-4.3388 -3.9551 1.5500
-4.3750 -3.9701 1.5500
-4.4061 -3.9939 1.5500
-4.4299 -4.0250 1.5500
-4.4449 -4.0612 1.5500
-4.4500 -4.1000 1.5500
-4.4449 -4.1388 1.5500
-4.4299 -4.1750 1.5500
-4.4061 -4.2061 1.5500
-4.3750 -4.2299 1.5500
-4.3388 -4.2449 1.5500
-4.3000 -4.2500 1.5500
-4.2612 -4.2449 1.5500
-4.2250 -4.2299 1.5500
-4.1939 -4.2061 1.5500
-4.1701 -4.1750 1.5500
-4.1551 -4.1388 1.5500
-4.1500 -4.1000 1.6000
-4.1551 -4.0612 1.6000
-4.1701 -4.0250 1.6000
-4.1939 -3.9939 1.6000
-4.2250 -3.9701 1.6000
-4.2612 -3.9551 1.6000
-4.3000 -3.9500 1.6000
-4.3388 -3.9551 1.6000
-4.3750 -3.9701 1.6000
-4.4061 -3.9939 1.6000
-4.4299 -4.0250 1.6000
-4.4449 -4.0612 1.6000
-4.4500 -4.1000 1.6000
-4.4449 -4.1388 1.6000
-4.4299 -4.1750 1.6000
-4.4061 -4.2061 1.6000
-4.3750 -4.2299 1.6000
-4.3388 -4.2449 1.6000
-4.3000 -4.2500 1.6000
-4.2612 -4.2449 1.6000
-4.2250 -4.2299 1.6000
-4.1939 -4.2061 1.6000
-4.1701 -4.1750 1.6000
-4.1551 -4.1388 1.6000
-4.1500 -4.1000 1.6500
-4.1551 -4.0612 1.6500
-4.1701 -4.0250 1.6500
-4.1939 -3.9939 1.6500
-4.2250 -3.9701 1.6500
-4.2612 -3.9551 1.6500
-4.3000 -3.9500 1.6500
-4.3388 -3.9551 1.6500
-4.3750 -3.9701 1.6500
-4.4061 -3.9939 1.6500
-4.4299 -4.0250 1.6500
-4.4449 -4.0612 1.6500
-4.4500 -4.1000 1.6500
-4.4449 -4.1388 1.6500
-4.4299 -4.1750 1.6500
-4.4061 -4.2061 1.6500
-4.3750 -4.2299 1.6500
-4.3388 -4.2449 1.6500
-4.3000 -4.2500 1.6500
-4.2612 -4.2449 1.6500
-4.2250 -4.2299 1.6500
-4.1939 -4.2061 1.6500
-4.1701 -4.1750 1.6500
-4.1551 -4.1388 1.6500
-4.1500 -4.1000 1.7000
-4.1551 -4.0612 1.7000
-4.1701 -4.0250 1.7000
-4.1939 -3.9939 1.7000
-4.2250 -3.9701 1.7000
-4.2612 -3.9551 1.7000
-4.3000 -3.9500 1.7000
-4.3388 -3.9551 1.7000
-4.3750 -3.9701 1.7000
-4.4061 -3.9939 1.7000
-4.4299 -4.0250 1.7000
-4.4449 -4.0612 1.7000
-4.4500 -4.1000 1.7000
-4.4449 -4.1388 1.7000
-4.4299 -4.1750 1.7000
-4.4061 -4.2061 1.7000
-4.3750 -4.2299 1.7000
-4.3388 -4.2449 1.7000
-4.3000 -4.2500 1.7000
-4.2612 -4.2449 1.7000
-4.2250 -4.2299 1.7000
-4.1939 -4.2061 1.7000
-4.1701 -4.1750 1.7000
-4.1551 -4.1388 1.7000
-4.1500 -4.1000 1.7500
-4.1551 -4.0612 1.7500
-4.1701 -4.0250 1.7500
-4.1939 -3.9939 1.7500
-4.2250 -3.9701 1.7500
-4.2612 -3.9551 1.7500
-4.3000 -3.9500 1.7500
-4.3388 -3.9551 1.7500
-4.3750 -3.9701 1.7500
-4.4061 -3.9939 1.7500
-4.4299 -4.0250 1.7500
-4.4449 -4.0612 1.7500
-4.4500 -4.1000 1.7500
-4.4449 -4.1388 1.7500
-4.4299 -4.1750 1.7500
-4.4061 -4.2061 1.7500
-4.3750 -4.2299 1.7500
-4.3388 -4.2449 1.7500
-4.3000 -4.2500 1.7500
-4.2612 -4.2449 1.7500
-4.2250 -4.2299 1.7500
-4.1939 -4.2061 1.7500
-4.1701 -4.1750 1.7500
-4.1551 -4.1388 1.7500
-4.1500 -4.1000 1.8000
-4.1551 -4.0612 1.8000
-4.1701 -4.0250 1.8000
-4.1939 -3.9939 1.8000
-4.2250 -3.9701 1.8000
-4.2612 -3.9551 1.8000
-4.3000 -3.9500 1.8000
-4.3388 -3.9551 1.8000
-4.3750 -3.9701 1.8000
-4.4061 -3.9939 1.8000
-4.4299 -4.0250 1.8000
-4.4449 -4.0612 1.8000
-4.4500 -4.1000 1.8000
-4.4449 -4.1388 1.8000
-4.4299 -4.1750 1.8000
-4.4061 -4.2061 1.8000
-4.3750 -4.2299 1.8000
-4.3388 -4.2449 1.8000
-4.3000 -4.2500 1.8000
-4.2612 -4.2449 1.8000
-4.2250 -4.2299 1.8000
-4.1939 -4.2061 1.8000
-4.1701 -4.1750 1.8000
-4.1551 -4.1388 1.8000
-4.1500 -4.1000 1.8500
-4.1551 -4.0612 1.8500
-4.1701 -4.0250 1.8500
-4.1939 -3.9939 1.8500
-4.2250 -3.9701 1.8500
-4.2612 -3.9551 1.8500
-4.3000 -3.9500 1.8500
-4.3388 -3.9551 1.8500
-4.3750 -3.9701 1.8500
-4.4061 -3.9939 1.8500
-4.4299 -4.0250 1.8500
-4.4449 -4.0612 1.8500
-4.4500 -4.1000 1.8500
-4.4449 -4.1388 1.8500
-4.4299 -4.1750 1.8500
-4.4061 -4.2061 1.8500
-4.3750 -4.2299 1.8500
-4.3388 -4.2449 1.8500
-4.3000 -4.2500 1.8500
-4.2612 -4.2449 1.8500
-4.2250 -4.2299 1.8500
-4.1939 -4.2061 1.8500
-4.1701 -4.1750 1.8500
-4.1551 -4.1388 1.8500
-4.1500 -4.1000 1.9000
-4.1551 -4.0612 1.9000
-4.1701 -4.0250 1.9000
-4.1939 -3.9939 1.9000
-4.2250 -3.9701 1.9000
-4.2612 -3.9551 1.9000
-4.3000 -3.9500 1.9000
-4.3388 -3.9551 1.9000
-4.3750 -3.9701 1.9000
-4.4061 -3.9939 1.9000
-4.4299 -4.0250 1.9000
-4.4449 -4.0612 1.9000
-4.4500 -4.1000 1.9000
-4.4449 -4.1388 1.9000
-4.4299 -4.1750 1.9000
-4.4061 -4.2061 1.9000
-4.3750 -4.2299 1.9000
-4.3388 -4.2449 1.9000
-4.3000 -4.2500 1.9000
-4.2612 -4.2449 1.9000
-4.2250 -4.2299 1.9000
-4.1939 -4.2061 1.9000
-4.1701 -4.1750 1.9000
-4.1551 -4.1388 1.9000
-4.1500 -4.1000 1.9500
-4.1551 -4.0612 1.9500
-4.1701 -4.0250 1.9500
-4.1939 -3.9939 1.9500
-4.2250 -3.9701 1.9500
-4.2612 -3.9551 1.9500
-4.3000 -3.9500 1.9500
-4.3388 -3.9551 1.9500
-4.3750 -3.9701 1.9500
-4.4061 -3.9939 1.9500
-4.4299 -4.0250 1.9500
-4.4449 -4.0612 1.9500
-4.4500 -4.1000 1.9500
-4.4449 -4.1388 1.9500
-4.4299 -4.1750 1.9500
-4.4061 -4.2061 1.9500
-4.3750 -4.2299 1.9500
-4.3388 -4.2449 1.9500
-4.3000 -4.2500 1.9500
-4.2612 -4.2449 1.9500
-4.2250 -4.2299 1.9500
-4.1939 -4.2061 1.9500
-4.1701 -4.1750 1.9500
-4.1551 -4.1388 1.9500
-4.1500 -4.1000 2.0000
-4.1551 -4.0612 2.0000
-4.1701 -4.0250 2.0000
-4.1939 -3.9939 2.0000
-4.2250 -3.9701 2.0000
-4.2612 -3.9551 2.0000
-4.3000 -3.9500 2.0000
-4.3388 -3.9551 2.0000
-4.3750 -3.9701 2.0000
-4.4061 -3.9939 2.0000
-4.4299 -4.0250 2.0000
-4.4449 -4.0612 2.0000
-4.4500 -4.1000 2.0000
-4.4449 -4.1388 2.0000
-4.4299 -4.1750 2.0000
-4.4061 -4.2061 2.0000
-4.3750 -4.2299 2.0000
-4.3388 -4.2449 2.0000
-4.3000 -4.2500 2.0000
-4.2612 -4.2449 2.0000
-4.2250 -4.2299 2.0000
-4.1939 -4.2061 2.0000
-4.1701 -4.1750 2.0000
-4.1551 -4.1388 2.0000
-4.3000 -4.1000 0.0000
-4.2250 -4.1000 0.0000
-4.2276 -4.0806 0.0000
-4.2350 -4.0625 0.0000
-4.2470 -4.0470 0.0000
-4.2625 -4.0350 0.0000
-4.2806 -4.0276 0.0000
-4.3000 -4.0250 0.0000
-4.3194 -4.0276 0.0000
-4.3375 -4.0350 0.0000
-4.3530 -4.0470 0.0000
-4.3650 -4.0625 0.0000
-4.3724 -4.0806 0.0000
-4.3750 -4.1000 0.0000
-4.3724 -4.1194 0.0000
-4.3650 -4.1375 0.0000
-4.3530 -4.1530 0.0000
-4.3375 -4.1650 0.0000
-4.3194 -4.1724 0.0000
-4.3000 -4.1750 0.0000
-4.2806 -4.1724 0.0000
-4.2625 -4.1650 0.0000
-4.2470 -4.1530 0.0000
-4.2350 -4.1375 0.0000
-4.2276 -4.1194 0.0000
-4.1500 -4.1000 0.0000
-4.1551 -4.0612 0.0000
-4.1701 -4.0250 0.0000
-4.1939 -3.9939 0.0000
-4.2250 -3.9701 0.0000
-4.2612 -3.9551 0.0000
-4.3000 -3.9500 0.0000
-4.3388 -3.9551 0.0000
-4.3750 -3.9701 0.0000
-4.4061 -3.9939 0.0000
-4.4299 -4.0250 0.0000
-4.4449 -4.0612 0.0000
-4.4500 -4.1000 0.0000
-4.4449 -4.1388 0.0000
-4.4299 -4.1750 0.0000
-4.4061 -4.2061 0.0000
-4.3750 -4.2299 0.0000
-4.3388 -4.2449 0.0000
-4.3000 -4.2500 0.0000
-4.2612 -4.2449 0.0000
-4.2250 -4.2299 0.0000
-4.1939 -4.2061 0.0000
-4.1701 -4.1750 0.0000
-4.1551 -4.1388 0.0000
-4.3000 -4.1000 2.0000
-4.2250 -4.1000 2.0000
-4.2276 -4.0806 2.0000
-4.2350 -4.0625 2.0000
-4.2470 -4.0470 2.0000
-4.2625 -4.0350 2.0000
-4.2806 -4.0276 2.0000
-4.3000 -4.0250 2.0000
-4.3194 -4.0276 2.0000
-4.3375 -4.0350 2.0000
-4.3530 -4.0470 2.0000
-4.3650 -4.0625 2.0000
-4.3724 -4.0806 2.0000
-4.3750 -4.1000 2.0000
-4.3724 -4.1194 2.0000
-4.3650 -4.1375 2.0000
-4.3530 -4.1530 2.0000
-4.3375 -4.1650 2.0000
-4.3194 -4.1724 2.0000
-4.3000 -4.1750 2.0000
-4.2806 -4.1724 2.0000
-4.2625 -4.1650 2.0000
-4.2470 -4.1530 2.0000
-4.2350 -4.1375 2.0000
-4.2276 -4.1194 2.0000
-4.1500 -4.1000 2.0000
-4.1551 -4.0612 2.0000
-4.1701 -4.0250 2.0000
-4.1939 -3.9939 2.0000
-4.2250 -3.9701 2.0000
-4.2612 -3.9551 2.0000
-4.3000 -3.9500 2.0000
-4.3388 -3.9551 2.0000
-4.3750 -3.9701 2.0000
-4.4061 -3.9939 2.0000
-4.4299 -4.0250 2.0000
-4.4449 -4.0612 2.0000
-4.4500 -4.1000 2.0000
-4.4449 -4.1388 2.0000
-4.4299 -4.1750 2.0000
-4.4061 -4.2061 2.0000
-4.3750 -4.2299 2.0000
-4.3388 -4.2449 2.0000
-4.3000 -4.2500 2.0000
-4.2612 -4.2449 2.0000
-4.2250 -4.2299 2.0000
-4.1939 -4.2061 2.0000
-4.1701 -4.1750 2.0000
-4.1551 -4.1388 2.0000
-1.7500 -4.3000 0.0000
-1.7551 -4.2612 0.0000
-1.7701 -4.2250 0.0000
-1.7939 -4.1939 0.0000
-1.8250 -4.1701 0.0000
-1.8612 -4.1551 0.0000
-1.9000 -4.1500 0.0000
-1.9388 -4.1551 0.0000
-1.9750 -4.1701 0.0000
-2.0061 -4.1939 0.0000
-2.0299 -4.2250 0.0000
-2.0449 -4.2612 0.0000
-2.0500 -4.3000 0.0000
-2.0449 -4.3388 0.0000
-2.0299 -4.3750 0.0000
-2.0061 -4.4061 0.0000
-1.9750 -4.4299 0.0000
-1.9388 -4.4449 0.0000
-1.9000 -4.4500 0.0000
-1.8612 -4.4449 0.0000
-1.8250 -4.4299 0.0000
-1.7939 -4.4061 0.0000
-1.7701 -4.3750 0.0000
-1.7551 -4.3388 0.0000
-1.7500 -4.3000 0.0500
-1.7551 -4.2612 0.0500
-1.7701 -4.2250 0.0500
-1.7939 -4.1939 0.0500
-1.8250 -4.1701 0.0500
-1.8612 -4.1551 0.0500
-1.9000 -4.1500 0.0500
-1.9388 -4.1551 0.0500
-1.9750 -4.1701 0.0500
-2.0061 -4.1939 0.0500
-2.0299 -4.2250 0.0500
-2.0449 -4.2612 0.0500
-2.0500 -4.3000 0.0500
-2.0449 -4.3388 0.0500
-2.0299 -4.3750 0.0500
-2.0061 -4.4061 0.0500
-1.9750 -4.4299 0.0500
-1.9388 -4.4449 0.0500
-1.9000 -4.4500 0.0500
-1.8612 -4.4449 0.0500
-1.8250 -4.4299 0.0500
-1.7939 -4.4061 0.0500
-1.7701 -4.3750 0.0500
-1.7551 -4.3388 0.0500
-1.7500 -4.3000 0.1000
-1.7551 -4.2612 0.1000
-1.7701 -4.2250 0.1000
-1.7939 -4.1939 0.1000
-1.8250 -4.1701 0.1000
-1.8612 -4.1551 0.1000
-1.9000 -4.1500 0.1000
-1.9388 -4.1551 0.1000
-1.9750 -4.1701 0.1000
-2.0061 -4.1939 0.1000
-2.0299 -4.2250 0.1000
-2.0449 -4.2612 0.1000
-2.0500 -4.3000 0.1000
-2.0449 -4.3388 0.1000
-2.0299 -4.3750 0.1000
-2.0061 -4.4061 0.1000
-1.9750 -4.4299 0.1000
-1.9388 -4.4449 0.1000
-1.9000 -4.4500 0.1000
-1.8612 -4.4449 0.1000
-1.8250 -4.4299 0.1000
-1.7939 -4.4061 0.1000
-1.7701 -4.3750 0.1000
-1.7551 -4.3388 0.1000
-1.7500 -4.3000 0.1500
-1.7551 -4.2612 0.1500
-1.7701 -4.2250 0.1500
-1.7939 -4.1939 0.1500
-1.8250 -4.1701 0.1500
-1.8612 -4.1551 0.1500
-1.9000 -4.1500 0.1500
-1.9388 -4.1551 0.1500
-1.9750 -4.1701 0.1500
-2.0061 -4.1939 0.1500
-2.0299 -4.2250 0.1500
-2.0449 -4.2612 0.1500
-2.0500 -4.3000 0.1500
-2.0449 -4.3388 0.1500
-2.0299 -4.3750 0.1500
-2.0061 -4.4061 0.1500
-1.9750 -4.4299 0.1500
-1.9388 -4.4449 0.1500
-1.9000 -4.4500 0.1500
-1.8612 -4.4449 0.1500
-1.8250 -4.4299 0.1500
-1.7939 -4.4061 0.1500
-1.7701 -4.3750 0.1500
-1.7551 -4.3388 0.1500
-1.7500 -4.3000 0.2000
-1.7551 -4.2612 0.2000
-1.7701 -4.2250 0.2000
-1.7939 -4.1939 0.2000
-1.8250 -4.1701 0.2000
-1.8612 -4.1551 0.2000
-1.9000 -4.1500 0.2000
-1.9388 -4.1551 0.2000
-1.9750 -4.1701 0.2000
-2.0061 -4.1939 0.2000
-2.0299 -4.2250 0.2000
-2.0449 -4.2612 0.2000
-2.0500 -4.3000 0.2000
-2.0449 -4.3388 0.2000
-2.0299 -4.3750 0.2000
-2.0061 -4.4061 0.2000
-1.9750 -4.4299 0.2000
-1.9388 -4.4449 0.2000
-1.9000 -4.4500 0.2000
-1.8612 -4.4449 0.2000
-1.8250 -4.4299 0.2000
-1.7939 -4.4061 0.2000
-1.7701 -4.3750 0.2000
-1.7551 -4.3388 0.2000
-1.7500 -4.3000 0.2500
-1.7551 -4.2612 0.2500
-1.7701 -4.2250 0.2500
-1.7939 -4.1939 0.2500
-1.8250 -4.1701 0.2500
-1.8612 -4.1551 0.2500
-1.9000 -4.1500 0.2500
-1.9388 -4.1551 0.2500
-1.9750 -4.1701 0.2500
-2.0061 -4.1939 0.2500
-2.0299 -4.2250 0.2500
-2.0449 -4.2612 0.2500
-2.0500 -4.3000 0.2500
-2.0449 -4.3388 0.2500
-2.0299 -4.3750 0.2500
-2.0061 -4.4061 0.2500
-1.9750 -4.4299 0.2500
-1.9388 -4.4449 0.2500
-1.9000 -4.4500 0.2500
-1.8612 -4.4449 0.2500
-1.8250 -4.4299 0.2500
-1.7939 -4.4061 0.2500
-1.7701 -4.3750 0.2500
-1.7551 -4.3388 0.2500
-1.7500 -4.3000 0.3000
-1.7551 -4.2612 0.3000
-1.7701 -4.2250 0.3000
-1.7939 -4.1939 0.3000
-1.8250 -4.1701 0.3000
-1.8612 -4.1551 0.3000
-1.9000 -4.1500 0.3000
-1.9388 -4.1551 0.3000
-1.9750 -4.1701 0.3000
-2.0061 -4.1939 0.3000
-2.0299 -4.2250 0.3000
-2.0449 -4.2612 0.3000
-2.0500 -4.3000 0.3000
-2.0449 -4.3388 0.3000
-2.0299 -4.3750 0.3000
-2.0061 -4.4061 0.3000
-1.9750 -4.4299 0.3000
-1.9388 -4.4449 0.3000
-1.9000 -4.4500 0.3000
-1.8612 -4.4449 0.3000
-1.8250 -4.4299 0.3000
-1.7939 -4.4061 0.3000
-1.7701 -4.3750 0.3000
-1.7551 -4.3388 0.3000
-1.7500 -4.3000 0.3500
-1.7551 -4.2612 0.3500
-1.7701 -4.2250 0.3500
-1.7939 -4.1939 0.3500
-1.8250 -4.1701 0.3500
-1.8612 -4.1551 0.3500
-1.9000 -4.1500 0.3500
-1.9388 -4.1551 0.3500
-1.9750 -4.1701 0.3500
-2.0061 -4.1939 0.3500
-2.0299 -4.2250 0.3500
-2.0449 -4.2612 0.3500
-2.0500 -4.3000 0.3500
-2.0449 -4.3388 0.3500
-2.0299 -4.3750 0.3500
-2.0061 -4.4061 0.3500
-1.9750 -4.4299 0.3500
-1.9388 -4.4449 0.3500
-1.9000 -4.4500 0.3500
-1.8612 -4.4449 0.3500
-1.8250 -4.4299 0.3500
-1.7939 -4.4061 0.3500
-1.7701 -4.3750 0.3500
-1.7551 -4.3388 0.3500
-1.7500 -4.3000 0.4000
-1.7551 -4.2612 0.4000
-1.7701 -4.2250 0.4000
-1.7939 -4.1939 0.4000
-1.8250 -4.1701 0.4000
-1.8612 -4.1551 0.4000
-1.9000 -4.1500 0.4000
-1.9388 -4.1551 0.4000
-1.9750 -4.1701 0.4000
-2.0061 -4.1939 0.4000
-2.0299 -4.2250 0.4000
-2.0449 -4.2612 0.4000
-2.0500 -4.3000 0.4000
-2.0449 -4.3388 0.4000
-2.0299 -4.3750 0.4000
-2.0061 -4.4061 0.4000
-1.9750 -4.4299 0.4000
-1.9388 -4.4449 0.4000
-1.9000 -4.4500 0.4000
-1.8612 -4.4449 0.4000
-1.8250 -4.4299 0.4000
-1.7939 -4.4061 0.4000
-1.7701 -4.3750 0.4000
-1.7551 -4.3388 0.4000
-1.7500 -4.3000 0.4500
-1.7551 -4.2612 0.4500
-1.7701 -4.2250 0.4500
-1.7939 -4.1939 0.4500
-1.8250 -4.1701 0.4500
-1.8612 -4.1551 0.4500
-1.9000 -4.1500 0.4500
-1.9388 -4.1551 0.4500
-1.9750 -4.1701 0.4500
-2.0061 -4.1939 0.4500
-2.0299 -4.2250 0.4500
-2.0449 -4.2612 0.4500
-2.0500 -4.3000 0.4500
-2.0449 -4.3388 0.4500
-2.0299 -4.3750 0.4500
-2.0061 -4.4061 0.4500
-1.9750 -4.4299 0.4500
-1.9388 -4.4449 0.4500
-1.9000 -4.4500 0.4500
-1.8612 -4.4449 0.4500
-1.8250 -4.4299 0.4500
-1.7939 -4.4061 0.4500
-1.7701 -4.3750 0.4500
-1.7551 -4.3388 0.4500
-1.7500 -4.3000 0.5000
-1.7551 -4.2612 0.5000
-1.7701 -4.2250 0.5000
-1.7939 -4.1939 0.5000
-1.8250 -4.1701 0.5000
-1.8612 -4.1551 0.5000
-1.9000 -4.1500 0.5000
-1.9388 -4.1551 0.5000
-1.9750 -4.1701 0.5000
-2.0061 -4.1939 0.5000
-2.0299 -4.2250 0.5000
-2.0449 -4.2612 0.5000
-2.0500 -4.3000 0.5000
-2.0449 -4.3388 0.5000
-2.0299 -4.3750 0.5000
-2.0061 -4.4061 0.5000
-1.9750 -4.4299 0.5000
-1.9388 -4.4449 0.5000
-1.9000 -4.4500 0.5000
-1.8612 -4.4449 0.5000
-1.8250 -4.4299 0.5000
-1.7939 -4.4061 0.5000
-1.7701 -4.3750 0.5000
-1.7551 -4.3388 0.5000
-1.7500 -4.3000 0.5500
-1.7551 -4.2612 0.5500
-1.7701 -4.2250 0.5500
-1.7939 -4.1939 0.5500
-1.8250 -4.1701 0.5500
-1.8612 -4.1551 0.5500
-1.9000 -4.1500 0.5500
-1.9388 -4.1551 0.5500
-1.9750 -4.1701 0.5500
-2.0061 -4.1939 0.5500
-2.0299 -4.2250 0.5500
-2.0449 -4.2612 0.5500
-2.0500 -4.3000 0.5500
-2.0449 -4.3388 0.5500
-2.0299 -4.3750 0.5500
-2.0061 -4.4061 0.5500
-1.9750 -4.4299 0.5500
-1.9388 -4.4449 0.5500
-1.9000 -4.4500 0.5500
-1.8612 -4.4449 0.5500
-1.8250 -4.4299 0.5500
-1.7939 -4.4061 0.5500
-1.7701 -4.3750 0.5500
-1.7551 -4.3388 0.5500
-1.7500 -4.3000 0.6000
-1.7551 -4.2612 0.6000
-1.7701 -4.2250 0.6000
-1.7939 -4.1939 0.6000
-1.8250 -4.1701 0.6000
-1.8612 -4.1551 0.6000
-1.9000 -4.1500 0.6000
-1.9388 -4.1551 0.6000
-1.9750 -4.1701 0.6000
-2.0061 -4.1939 0.6000
-2.0299 -4.2250 0.6000
-2.0449 -4.2612 0.6000
-2.0500 -4.3000 0.6000
-2.0449 -4.3388 0.6000
-2.0299 -4.3750 0.6000
-2.0061 -4.4061 0.6000
-1.9750 -4.4299 0.6000
-1.9388 -4.4449 0.6000
-1.9000 -4.4500 0.6000
-1.8612 -4.4449 0.6000
-1.8250 -4.4299 0.6000
-1.7939 -4.4061 0.6000
-1.7701 -4.3750 0.6000
-1.7551 -4.3388 0.6000
-1.7500 -4.3000 0.6500
-1.7551 -4.2612 0.6500
-1.7701 -4.2250 0.6500
-1.7939 -4.1939 0.6500
-1.8250 -4.1701 0.6500
-1.8612 -4.1551 0.6500
-1.9000 -4.1500 0.6500
-1.9388 -4.1551 0.6500
-1.9750 -4.1701 0.6500
-2.0061 -4.1939 0.6500
-2.0299 -4.2250 0.6500
-2.0449 -4.2612 0.6500
-2.0500 -4.3000 0.6500
-2.0449 -4.3388 0.6500
-2.0299 -4.3750 0.6500
-2.0061 -4.4061 0.6500
-1.9750 -4.4299 0.6500
-1.9388 -4.4449 0.6500
-1.9000 -4.4500 0.6500
-1.8612 -4.4449 0.6500
-1.8250 -4.4299 0.6500
-1.7939 -4.4061 0.6500
-1.7701 -4.3750 0.6500
-1.7551 -4.3388 0.6500
-1.7500 -4.3000 0.7000
-1.7551 -4.2612 0.7000
-1.7701 -4.2250 0.7000
-1.7939 -4.1939 0.7000
-1.8250 -4.1701 0.7000
-1.8612 -4.1551 0.7000
-1.9000 -4.1500 0.7000
-1.9388 -4.1551 0.7000
-1.9750 -4.1701 0.7000
-2.0061 -4.1939 0.7000
-2.0299 -4.2250 0.7000
-2.0449 -4.2612 0.7000
-2.0500 -4.3000 0.7000
-2.0449 -4.3388 0.7000
-2.0299 -4.3750 0.7000
-2.0061 -4.4061 0.7000
-1.9750 -4.4299 0.7000
-1.9388 -4.4449 0.7000
-1.9000 -4.4500 0.7000
-1.8612 -4.4449 0.7000
-1.8250 -4.4299 0.7000
-1.7939 -4.4061 0.7000
-1.7701 -4.3750 0.7000
-1.7551 -4.3388 0.7000
-1.7500 -4.3000 0.7500
-1.7551 -4.2612 0.7500
-1.7701 -4.2250 0.7500
-1.7939 -4.1939 0.7500
-1.8250 -4.1701 0.7500
-1.8612 -4.1551 0.7500
-1.9000 -4.1500 0.7500
-1.9388 -4.1551 0.7500
-1.9750 -4.1701 0.7500
-2.0061 -4.1939 0.7500
-2.0299 -4.2250 0.7500
-2.0449 -4.2612 0.7500
-2.0500 -4.3000 0.7500
-2.0449 -4.3388 0.7500
-2.0299 -4.3750 0.7500
-2.0061 -4.4061 0.7500
-1.9750 -4.4299 0.7500
-1.9388 -4.4449 0.7500
-1.9000 -4.4500 0.7500
-1.8612 -4.4449 0.7500
-1.8250 -4.4299 0.7500
-1.7939 -4.4061 0.7500
-1.7701 -4.3750 0.7500
-1.7551 -4.3388 0.7500
-1.7500 -4.3000 0.8000
-1.7551 -4.2612 0.8000
-1.7701 -4.2250 0.8000
-1.7939 -4.1939 0.8000
-1.8250 -4.1701 0.8000
-1.8612 -4.1551 0.8000
-1.9000 -4.1500 0.8000
-1.9388 -4.1551 0.8000
-1.9750 -4.1701 0.8000
-2.0061 -4.1939 0.8000
-2.0299 -4.2250 0.8000
-2.0449 -4.2612 0.8000
-2.0500 -4.3000 0.8000
-2.0449 -4.3388 0.8000
-2.0299 -4.3750 0.8000
-2.0061 -4.4061 0.8000
-1.9750 -4.4299 0.8000
-1.9388 -4.4449 0.8000
-1.9000 -4.4500 0.8000
-1.8612 -4.4449 0.8000
-1.8250 -4.4299 0.8000
-1.7939 -4.4061 0.8000
-1.7701 -4.3750 0.8000
-1.7551 -4.3388 0.8000
-1.7500 -4.3000 0.8500
-1.7551 -4.2612 0.8500
-1.7701 -4.2250 0.8500
-1.7939 -4.1939 0.8500
-1.8250 -4.1701 0.8500
-1.8612 -4.1551 0.8500
-1.9000 -4.1500 0.8500
-1.9388 -4.1551 0.8500
-1.9750 -4.1701 0.8500
-2.0061 -4.1939 0.8500
-2.0299 -4.2250 0.8500
-2.0449 -4.2612 0.8500
-2.0500 -4.3000 0.8500
-2.0449 -4.3388 0.8500
-2.0299 -4.3750 0.8500
-2.0061 -4.4061 0.8500
-1.9750 -4.4299 0.8500
-1.9388 -4.4449 0.8500
-1.9000 -4.4500 0.8500
-1.8612 -4.4449 0.8500
-1.8250 -4.4299 0.8500
-1.7939 -4.4061 0.8500
-1.7701 -4.3750 0.8500
-1.7551 -4.3388 0.8500
-1.7500 -4.3000 0.9000
-1.7551 -4.2612 0.9000
-1.7701 -4.2250 0.9000
-1.7939 -4.1939 0.9000
-1.8250 -4.1701 0.9000
-1.8612 -4.1551 0.9000
-1.9000 -4.1500 0.9000
-1.9388 -4.1551 0.9000
-1.9750 -4.1701 0.9000
-2.0061 -4.1939 0.9000
-2.0299 -4.2250 0.9000
-2.0449 -4.2612 0.9000
-2.0500 -4.3000 0.9000
-2.0449 -4.3388 0.9000
-2.0299 -4.3750 0.9000
-2.0061 -4.4061 0.9000
-1.9750 -4.4299 0.9000
-1.9388 -4.4449 0.9000
-1.9000 -4.4500 0.9000
-1.8612 -4.4449 0.9000
-1.8250 -4.4299 0.9000
-1.7939 -4.4061 0.9000
-1.7701 -4.3750 0.9000
-1.7551 -4.3388 0.9000
-1.7500 -4.3000 0.9500
-1.7551 -4.2612 0.9500
-1.7701 -4.2250 0.9500
-1.7939 -4.1939 0.9500
-1.8250 -4.1701 0.9500
-1.8612 -4.1551 0.9500
-1.9000 -4.1500 0.9500
-1.9388 -4.1551 0.9500
-1.9750 -4.1701 0.9500
-2.0061 -4.1939 0.9500
-2.0299 -4.2250 0.9500
-2.0449 -4.2612 0.9500
-2.0500 -4.3000 0.9500
-2.0449 -4.3388 0.9500
-2.0299 -4.3750 0.9500
-2.0061 -4.4061 0.9500
-1.9750 -4.4299 0.9500
-1.9388 -4.4449 0.9500
-1.9000 -4.4500 0.9500
-1.8612 -4.4449 0.9500
-1.8250 -4.4299 0.9500
-1.7939 -4.4061 0.9500
-1.7701 -4.3750 0.9500
-1.7551 -4.3388 0.9500
-1.7500 -4.3000 1.0000
-1.7551 -4.2612 1.0000
-1.7701 -4.2250 1.0000
-1.7939 -4.1939 1.0000
-1.8250 -4.1701 1.0000
-1.8612 -4.1551 1.0000
-1.9000 -4.1500 1.0000
-1.9388 -4.1551 1.0000
-1.9750 -4.1701 1.0000
-2.0061 -4.1939 1.0000
-2.0299 -4.2250 1.0000
-2.0449 -4.2612 1.0000
-2.0500 -4.3000 1.0000
-2.0449 -4.3388 1.0000
-2.0299 -4.3750 1.0000
-2.0061 -4.4061 1.0000
-1.9750 -4.4299 1.0000
-1.9388 -4.4449 1.0000
-1.9000 -4.4500 1.0000
-1.8612 -4.4449 1.0000
-1.8250 -4.4299 1.0000
-1.7939 -4.4061 1.0000
-1.7701 -4.3750 1.0000
-1.7551 -4.3388 1.0000
-1.7500 -4.3000 1.0500
-1.7551 -4.2612 1.0500
-1.7701 -4.2250 1.0500
-1.7939 -4.1939 1.0500
-1.8250 -4.1701 1.0500
-1.8612 -4.1551 1.0500
-1.9000 -4.1500 1.0500
-1.9388 -4.1551 1.0500
-1.9750 -4.1701 1.0500
-2.0061 -4.1939 1.0500
-2.0299 -4.2250 1.0500
-2.0449 -4.2612 1.0500
-2.0500 -4.3000 1.0500
-2.0449 -4.3388 1.0500
-2.0299 -4.3750 1.0500
-2.0061 -4.4061 1.0500
-1.9750 -4.4299 1.0500
-1.9388 -4.4449 1.0500
-1.9000 -4.4500 1.0500
-1.8612 -4.4449 1.0500
-1.8250 -4.4299 1.0500
-1.7939 -4.4061 1.0500
-1.7701 -4.3750 1.0500
-1.7551 -4.3388 1.0500
-1.7500 -4.3000 1.1000
-1.7551 -4.2612 1.1000
-1.7701 -4.2250 1.1000
-1.7939 -4.1939 1.1000
-1.8250 -4.1701 1.1000
-1.8612 -4.1551 1.1000
-1.9000 -4.1500 1.1000
-1.9388 -4.1551 1.1000
-1.9750 -4.1701 1.1000
-2.0061 -4.1939 1.1000
-2.0299 -4.2250 1.1000
-2.0449 -4.2612 1.1000
-2.0500 -4.3000 1.1000
-2.0449 -4.3388 1.1000
-2.0299 -4.3750 1.1000
-2.0061 -4.4061 1.1000
-1.9750 -4.4299 1.1000
-1.9388 -4.4449 1.1000
-1.9000 -4.4500 1.1000
-1.8612 -4.4449 1.1000
-1.8250 -4.4299 1.1000
-1.7939 -4.4061 1.1000
-1.7701 -4.3750 1.1000
-1.7551 -4.3388 1.1000
-1.7500 -4.3000 1.1500
-1.7551 -4.2612 1.1500
-1.7701 -4.2250 1.1500
-1.7939 -4.1939 1.1500
-1.8250 -4.1701 1.1500
-1.8612 -4.1551 1.1500
-1.9000 -4.1500 1.1500
-1.9388 -4.1551 1.1500
-1.9750 -4.1701 1.1500
-2.0061 -4.1939 1.1500
-2.0299 -4.2250 1.1500
-2.0449 -4.2612 1.1500
-2.0500 -4.3000 1.1500
-2.0449 -4.3388 1.1500
-2.0299 -4.3750 1.1500
-2.0061 -4.4061 1.1500
-1.9750 -4.4299 1.1500
-1.9388 -4.4449 1.1500
-1.9000 -4.4500 1.1500
-1.8612 -4.4449 1.1500
-1.8250 -4.4299 1.1500
-1.7939 -4.4061 1.1500
-1.7701 -4.3750 1.1500
-1.7551 -4.3388 1.1500
-1.7500 -4.3000 1.2000
-1.7551 -4.2612 1.2000
-1.7701 -4.2250 1.2000
-1.7939 -4.1939 1.2000
-1.8250 -4.1701 1.2000
-1.8612 -4.1551 1.2000
-1.9000 -4.1500 1.2000
-1.9388 -4.1551 1.2000
-1.9750 -4.1701 1.2000
-2.0061 -4.1939 1.2000
-2.0299 -4.2250 1.2000
-2.0449 -4.2612 1.2000
-2.0500 -4.3000 1.2000
-2.0449 -4.3388 1.2000
-2.0299 -4.3750 1.2000
-2.0061 -4.4061 1.2000
-1.9750 -4.4299 1.2000
-1.9388 -4.4449 1.2000
-1.9000 -4.4500 1.2000
-1.8612 -4.4449 1.2000
-1.8250 -4.4299 1.2000
-1.7939 -4.4061 1.2000
-1.7701 -4.3750 1.2000
-1.7551 -4.3388 1.2000
-1.7500 -4.3000 1.2500
-1.7551 -4.2612 1.2500
-1.7701 -4.2250 1.2500
-1.7939 -4.1939 1.2500
-1.8250 -4.1701 1.2500
-1.8612 -4.1551 1.2500
-1.9000 -4.1500 1.2500
-1.9388 -4.1551 1.2500
-1.9750 -4.1701 1.2500
-2.0061 -4.1939 1.2500
-2.0299 -4.2250 1.2500
-2.0449 -4.2612 1.2500
-2.0500 -4.3000 1.2500
-2.0449 -4.3388 1.2500
-2.0299 -4.3750 1.2500
-2.0061 -4.4061 1.2500
-1.9750 -4.4299 1.2500
-1.9388 -4.4449 1.2500
-1.9000 -4.4500 1.2500
-1.8612 -4.4449 1.2500
-1.8250 -4.4299 1.2500
-1.7939 -4.4061 1.2500
-1.7701 -4.3750 1.2500
-1.7551 -4.3388 1.2500
-1.7500 -4.3000 1.3000
-1.7551 -4.2612 1.3000
-1.7701 -4.2250 1.3000
-1.7939 -4.1939 1.3000
-1.8250 -4.1701 1.3000
-1.8612 -4.1551 1.3000
-1.9000 -4.1500 1.3000
-1.9388 -4.1551 1.3000
-1.9750 -4.1701 1.3000
-2.0061 -4.1939 1.3000
-2.0299 -4.2250 1.3000
-2.0449 -4.2612 1.3000
-2.0500 -4.3000 1.3000
-2.0449 -4.3388 1.3000
-2.0299 -4.3750 1.3000
-2.0061 -4.4061 1.3000
-1.9750 -4.4299 1.3000
-1.9388 -4.4449 1.3000
-1.9000 -4.4500 1.3000
-1.8612 -4.4449 1.3000
-1.8250 -4.4299 1.3000
-1.7939 -4.4061 1.3000
-1.7701 -4.3750 1.3000
-1.7551 -4.3388 1.3000
-1.7500 -4.3000 1.3500
-1.7551 -4.2612 1.3500
-1.7701 -4.2250 1.3500
-1.7939 -4.1939 1.3500
-1.8250 -4.1701 1.3500
-1.8612 -4.1551 1.3500
-1.9000 -4.1500 1.3500
-1.9388 -4.1551 1.3500
-1.9750 -4.1701 1.3500
-2.0061 -4.1939 1.3500
-2.0299 -4.2250 1.3500
-2.0449 -4.2612 1.3500
-2.0500 -4.3000 1.3500
-2.0449 -4.3388 1.3500
-2.0299 -4.3750 1.3500
-2.0061 -4.4061 1.3500
-1.9750 -4.4299 1.3500
-1.9388 -4.4449 1.3500
-1.9000 -4.4500 1.3500
-1.8612 -4.4449 1.3500
-1.8250 -4.4299 1.3500
-1.7939 -4.4061 1.3500
-1.7701 -4.3750 1.3500
-1.7551 -4.3388 1.3500
-1.7500 -4.3000 1.4000
-1.7551 -4.2612 1.4000
-1.7701 -4.2250 1.4000
-1.7939 -4.1939 1.4000
-1.8250 -4.1701 1.4000
-1.8612 -4.1551 1.4000
-1.9000 -4.1500 1.4000
-1.9388 -4.1551 1.4000
-1.9750 -4.1701 1.4000
-2.0061 -4.1939 1.4000
-2.0299 -4.2250 1.4000
-2.0449 -4.2612 1.4000
-2.0500 -4.3000 1.4000
-2.0449 -4.3388 1.4000
-2.0299 -4.3750 1.4000
-2.0061 -4.4061 1.4000
-1.9750 -4.4299 1.4000
-1.9388 -4.4449 1.4000
-1.9000 -4.4500 1.4000
-1.8612 -4.4449 1.4000
-1.8250 -4.4299 1.4000
-1.7939 -4.4061 1.4000
-1.7701 -4.3750 1.4000
-1.7551 -4.3388 1.4000
-1.7500 -4.3000 1.4500
-1.7551 -4.2612 1.4500
-1.7701 -4.2250 1.4500
-1.7939 -4.1939 1.4500
-1.8250 -4.1701 1.4500
-1.8612 -4.1551 1.4500
-1.9000 -4.1500 1.4500
-1.9388 -4.1551 1.4500
-1.9750 -4.1701 1.4500
-2.0061 -4.1939 1.4500
-2.0299 -4.2250 1.4500
-2.0449 -4.2612 1.4500
-2.0500 -4.3000 1.4500
-2.0449 -4.3388 1.4500
-2.0299 -4.3750 1.4500
-2.0061 -4.4061 1.4500
-1.9750 -4.4299 1.4500
-1.9388 -4.4449 1.4500
-1.9000 -4.4500 1.4500
-1.8612 -4.4449 1.4500
-1.8250 -4.4299 1.4500
-1.7939 -4.4061 1.4500
-1.7701 -4.3750 1.4500
-1.7551 -4.3388 1.4500
-1.7500 -4.3000 1.5000
-1.7551 -4.2612 1.5000
-1.7701 -4.2250 1.5000
-1.7939 -4.1939 1.5000
-1.8250 -4.1701 1.5000
-1.8612 -4.1551 1.5000
-1.9000 -4.1500 1.5000
-1.9388 -4.1551 1.5000
-1.9750 -4.1701 1.5000
-2.0061 -4.1939 1.5000
-2.0299 -4.2250 1.5000
-2.0449 -4.2612 1.5000
-2.0500 -4.3000 1.5000
-2.0449 -4.3388 1.5000
-2.0299 -4.3750 1.5000
-2.0061 -4.4061 1.5000
-1.9750 -4.4299 1.5000
-1.9388 -4.4449 1.5000
-1.9000 -4.4500 1.5000
-1.8612 -4.4449 1.5000
-1.8250 -4.4299 1.5000
-1.7939 -4.4061 1.5000
-1.7701 -4.3750 1.5000
-1.7551 -4.3388 1.5000
-1.7500 -4.3000 1.5500
-1.7551 -4.2612 1.5500
-1.7701 -4.2250 1.5500
-1.7939 -4.1939 1.5500
-1.8250 -4.1701 1.5500
-1.8612 -4.1551 1.5500
-1.9000 -4.1500 1.5500
-1.9388 -4.1551 1.5500
-1.9750 -4.1701 1.5500
-2.0061 -4.1939 1.5500
-2.0299 -4.2250 1.5500
-2.0449 -4.2612 1.5500
-2.0500 -4.3000 1.5500
-2.0449 -4.3388 1.5500
-2.0299 -4.3750 1.5500
-2.0061 -4.4061 1.5500
-1.9750 -4.4299 1.5500
-1.9388 -4.4449 1.5500
-1.9000 -4.4500 1.5500
-1.8612 -4.4449 1.5500
-1.8250 -4.4299 1.5500
-1.7939 -4.4061 1.5500
-1.7701 -4.3750 1.5500
-1.7551 -4.3388 1.5500
-1.7500 -4.3000 1.6000
-1.7551 -4.2612 1.6000
-1.7701 -4.2250 1.6000
-1.7939 -4.1939 1.6000
-1.8250 -4.1701 1.6000
-1.8612 -4.1551 1.6000
-1.9000 -4.1500 1.6000
-1.9388 -4.1551 1.6000
-1.9750 -4.1701 1.6000
-2.0061 -4.1939 1.6000
-2.0299 -4.2250 1.6000
-2.0449 -4.2612 1.6000
-2.0500 -4.3000 1.6000
-2.0449 -4.3388 1.6000
-2.0299 -4.3750 1.6000
-2.0061 -4.4061 1.6000
-1.9750 -4.4299 1.6000
-1.9388 -4.4449 1.6000
-1.9000 -4.4500 1.6000
-1.8612 -4.4449 1.6000
-1.8250 -4.4299 1.6000
-1.7939 -4.4061 1.6000
-1.7701 -4.3750 1.6000
-1.7551 -4.3388 1.6000
-1.7500 -4.3000 1.6500
-1.7551 -4.2612 1.6500
-1.7701 -4.2250 1.6500
-1.7939 -4.1939 1.6500
-1.8250 -4.1701 1.6500
-1.8612 -4.1551 1.6500
-1.9000 -4.1500 1.6500
-1.9388 -4.1551 1.6500
-1.9750 -4.1701 1.6500
-2.0061 -4.1939 1.6500
-2.0299 -4.2250 1.6500
-2.0449 -4.2612 1.6500
-2.0500 -4.3000 1.6500
-2.0449 -4.3388 1.6500
-2.0299 -4.3750 1.6500
-2.0061 -4.4061 1.6500
-1.9750 -4.4299 1.6500
-1.9388 -4.4449 1.6500
-1.9000 -4.4500 1.6500
-1.8612 -4.4449 1.6500
-1.8250 -4.4299 1.6500
-1.7939 -4.4061 1.6500
-1.7701 -4.3750 1.6500
-1.7551 -4.3388 1.6500
-1.7500 -4.3000 1.7000
-1.7551 -4.2612 1.7000
-1.7701 -4.2250 1.7000
-1.7939 -4.1939 1.7000
-1.8250 -4.1701 1.7000
-1.8612 -4.1551 1.7000
-1.9000 -4.1500 1.7000
-1.9388 -4.1551 1.7000
-1.9750 -4.1701 1.7000
-2.0061 -4.1939 1.7000
-2.0299 -4.2250 1.7000
-2.0449 -4.2612 1.7000
-2.0500 -4.3000 1.7000
-2.0449 -4.3388 1.7000
-2.0299 -4.3750 1.7000
-2.0061 -4.4061 1.7000
-1.9750 -4.4299 1.7000
-1.9388 -4.4449 1.7000
-1.9000 -4.4500 1.7000
-1.8612 -4.4449 1.7000
-1.8250 -4.4299 1.7000
-1.7939 -4.4061 1.7000
-1.7701 -4.3750 1.7000
-1.7551 -4.3388 1.7000
-1.7500 -4.3000 1.7500
-1.7551 -4.2612 1.7500
-1.7701 -4.2250 1.7500
-1.7939 -4.1939 1.7500
-1.8250 -4.1701 1.7500
-1.8612 -4.1551 1.7500
-1.9000 -4.1500 1.7500
-1.9388 -4.1551 1.7500
-1.9750 -4.1701 1.7500
-2.0061 -4.1939 1.7500
-2.0299 -4.2250 1.7500
-2.0449 -4.2612 1.7500
-2.0500 -4.3000 1.7500
-2.0449 -4.3388 1.7500
-2.0299 -4.3750 1.7500
-2.0061 -4.4061 1.7500
-1.9750 -4.4299 1.7500
-1.9388 -4.4449 1.7500
-1.9000 -4.4500 1.7500
-1.8612 -4.4449 1.7500
-1.8250 -4.4299 1.7500
-1.7939 -4.4061 1.7500
-1.7701 -4.3750 1.7500
-1.7551 -4.3388 1.7500
-1.7500 -4.3000 1.8000
-1.7551 -4.2612 1.8000
-1.7701 -4.2250 1.8000
-1.7939 -4.1939 1.8000
-1.8250 -4.1701 1.8000
-1.8612 -4.1551 1.8000
-1.9000 -4.1500 1.8000
-1.9388 -4.1551 1.8000
-1.9750 -4.1701 1.8000
-2.0061 -4.1939 1.8000
-2.0299 -4.2250 1.8000
-2.0449 -4.2612 1.8000
-2.0500 -4.3000 1.8000
-2.0449 -4.3388 1.8000
-2.0299 -4.3750 1.8000
-2.0061 -4.4061 1.8000
-1.9750 -4.4299 1.8000
-1.9388 -4.4449 1.8000
-1.9000 -4.4500 1.8000
-1.8612 -4.4449 1.8000
-1.8250 -4.4299 1.8000
-1.7939 -4.4061 1.8000
-1.7701 -4.3750 1.8000
-1.7551 -4.3388 1.8000
-1.7500 -4.3000 1.8500
-1.7551 -4.2612 1.8500
-1.7701 -4.2250 1.8500
-1.7939 -4.1939 1.8500
-1.8250 -4.1701 1.8500
-1.8612 -4.1551 1.8500
-1.9000 -4.1500 1.8500
-1.9388 -4.1551 1.8500
-1.9750 -4.1701 1.8500
-2.0061 -4.1939 1.8500
-2.0299 -4.2250 1.8500
-2.0449 -4.2612 1.8500
-2.0500 -4.3000 1.8500
-2.0449 -4.3388 1.8500
-2.0299 -4.3750 1.8500
-2.0061 -4.4061 1.8500
-1.9750 -4.4299 1.8500
-1.9388 -4.4449 1.8500
-1.9000 -4.4500 1.8500
-1.8612 -4.4449 1.8500
-1.8250 -4.4299 1.8500
-1.7939 -4.4061 1.8500
-1.7701 -4.3750 1.8500
-1.7551 -4.3388 1.8500
-1.7500 -4.3000 1.9000
-1.7551 -4.2612 1.9000
-1.7701 -4.2250 1.9000
-1.7939 -4.1939 1.9000
-1.8250 -4.1701 1.9000
-1.8612 -4.1551 1.9000
-1.9000 -4.1500 1.9000
-1.9388 -4.1551 1.9000
-1.9750 -4.1701 1.9000
-2.0061 -4.1939 1.9000
-2.0299 -4.2250 1.9000
-2.0449 -4.2612 1.9000
-2.0500 -4.3000 1.9000
-2.0449 -4.3388 1.9000
-2.0299 -4.3750 1.9000
-2.0061 -4.4061 1.9000
-1.9750 -4.4299 1.9000
-1.9388 -4.4449 1.9000
-1.9000 -4.4500 1.9000
-1.8612 -4.4449 1.9000
-1.8250 -4.4299 1.9000
-1.7939 -4.4061 1.9000
-1.7701 -4.3750 1.9000
-1.7551 -4.3388 1.9000
-1.7500 -4.3000 1.9500
-1.7551 -4.2612 1.9500
-1.7701 -4.2250 1.9500
-1.7939 -4.1939 1.9500
-1.8250 -4.1701 1.9500
-1.8612 -4.1551 1.9500
-1.9000 -4.1500 1.9500
-1.9388 -4.1551 1.9500
-1.9750 -4.1701 1.9500
-2.0061 -4.1939 1.9500
-2.0299 -4.2250 1.9500
-2.0449 -4.2612 1.9500
-2.0500 -4.3000 1.9500
-2.0449 -4.3388 1.9500
-2.0299 -4.3750 1.9500
-2.0061 -4.4061 1.9500
-1.9750 -4.4299 1.9500
-1.9388 -4.4449 1.9500
-1.9000 -4.4500 1.9500
-1.8612 -4.4449 1.9500
-1.8250 -4.4299 1.9500
-1.7939 -4.4061 1.9500
-1.7701 -4.3750 1.9500
-1.7551 -4.3388 1.9500
-1.7500 -4.3000 2.0000
-1.7551 -4.2612 2.0000
-1.7701 -4.2250 2.0000
-1.7939 -4.1939 2.0000
-1.8250 -4.1701 2.0000
-1.8612 -4.1551 2.0000
-1.9000 -4.1500 2.0000
-1.9388 -4.1551 2.0000
-1.9750 -4.1701 2.0000
-2.0061 -4.1939 2.0000
-2.0299 -4.2250 2.0000
-2.0449 -4.2612 2.0000
-2.0500 -4.3000 2.0000
-2.0449 -4.3388 2.0000
-2.0299 -4.3750 2.0000
-2.0061 -4.4061 2.0000
-1.9750 -4.4299 2.0000
-1.9388 -4.4449 2.0000
-1.9000 -4.4500 2.0000
-1.8612 -4.4449 2.0000
-1.8250 -4.4299 2.0000
-1.7939 -4.4061 2.0000
-1.7701 -4.3750 2.0000
-1.7551 -4.3388 2.0000
-1.9000 -4.3000 0.0000
-1.8250 -4.3000 0.0000
-1.8276 -4.2806 0.0000
-1.8350 -4.2625 0.0000
-1.8470 -4.2470 0.0000
-1.8625 -4.2350 0.0000
-1.8806 -4.2276 0.0000
-1.9000 -4.2250 0.0000
-1.9194 -4.2276 0.0000
-1.9375 -4.2350 0.0000
-1.9530 -4.2470 0.0000
-1.9650 -4.2625 0.0000
-1.9724 -4.2806 0.0000
-1.9750 -4.3000 0.0000
-1.9724 -4.3194 0.0000
-1.9650 -4.3375 0.0000
-1.9530 -4.3530 0.0000
-1.9375 -4.3650 0.0000
-1.9194 -4.3724 0.0000
-1.9000 -4.3750 0.0000
-1.8806 -4.3724 0.0000
-1.8625 -4.3650 0.0000
-1.8470 -4.3530 0.0000
-1.8350 -4.3375 0.0000
-1.8276 -4.3194 0.0000
-1.7500 -4.3000 0.0000
-1.7551 -4.2612 0.0000
-1.7701 -4.2250 0.0000
-1.7939 -4.1939 0.0000
-1.8250 -4.1701 0.0000
-1.8612 -4.1551 0.0000
-1.9000 -4.1500 0.0000
-1.9388 -4.1551 0.0000
-1.9750 -4.1701 0.0000
-2.0061 -4.1939 0.0000
-2.0299 -4.2250 0.0000
-2.0449 -4.2612 0.0000
-2.0500 -4.3000 0.0000
-2.0449 -4.3388 0.0000
-2.0299 -4.3750 0.0000
-2.0061 -4.4061 0.0000
-1.9750 -4.4299 0.0000
-1.9388 -4.4449 0.0000
-1.9000 -4.4500 0.0000
-1.8612 -4.4449 0.0000
-1.8250 -4.4299 0.0000
-1.7939 -4.4061 0.0000
-1.7701 -4.3750 0.0000
-1.7551 -4.3388 0.0000
-1.9000 -4.3000 2.0000
-1.8250 -4.3000 2.0000
-1.8276 -4.2806 2.0000
-1.8350 -4.2625 2.0000
-1.8470 -4.2470 2.0000
-1.8625 -4.2350 2.0000
-1.8806 -4.2276 2.0000
-1.9000 -4.2250 2.0000
-1.9194 -4.2276 2.0000
-1.9375 -4.2350 2.0000
-1.9530 -4.2470 2.0000
-1.9650 -4.2625 2.0000
-1.9724 -4.2806 2.0000
-1.9750 -4.3000 2.0000
-1.9724 -4.3194 2.0000
-1.9650 -4.3375 2.0000
-1.9530 -4.3530 2.0000
-1.9375 -4.3650 2.0000
-1.9194 -4.3724 2.0000
-1.9000 -4.3750 2.0000
-1.8806 -4.3724 2.0000
-1.8625 -4.3650 2.0000
-1.8470 -4.3530 2.0000
-1.8350 -4.3375 2.0000
-1.8276 -4.3194 2.0000
-1.7500 -4.3000 2.0000
-1.7551 -4.2612 2.0000
-1.7701 -4.2250 2.0000
-1.7939 -4.1939 2.0000
-1.8250 -4.1701 2.0000
-1.8612 -4.1551 2.0000
-1.9000 -4.1500 2.0000
-1.9388 -4.1551 2.0000
-1.9750 -4.1701 2.0000
-2.0061 -4.1939 2.0000
-2.0299 -4.2250 2.0000
-2.0449 -4.2612 2.0000
-2.0500 -4.3000 2.0000
-2.0449 -4.3388 2.0000
-2.0299 -4.3750 2.0000
-2.0061 -4.4061 2.0000
-1.9750 -4.4299 2.0000
-1.9388 -4.4449 2.0000
-1.9000 -4.4500 2.0000
-1.8612 -4.4449 2.0000
-1.8250 -4.4299 2.0000
-1.7939 -4.4061 2.0000
-1.7701 -4.3750 2.0000
-1.7551 -4.3388 2.0000
0.7500 -4.0000 0.0000
0.7449 -3.9612 0.0000
0.7299 -3.9250 0.0000
0.7061 -3.8939 0.0000
0.6750 -3.8701 0.0000
0.6388 -3.8551 0.0000
0.6000 -3.8500 0.0000
0.5612 -3.8551 0.0000
0.5250 -3.8701 0.0000
0.4939 -3.8939 0.0000
0.4701 -3.9250 0.0000
0.4551 -3.9612 0.0000
0.4500 -4.0000 0.0000
0.4551 -4.0388 0.0000
0.4701 -4.0750 0.0000
0.4939 -4.1061 0.0000
0.5250 -4.1299 0.0000
0.5612 -4.1449 0.0000
0.6000 -4.1500 0.0000
0.6388 -4.1449 0.0000
0.6750 -4.1299 0.0000
0.7061 -4.1061 0.0000
0.7299 -4.0750 0.0000
0.7449 -4.0388 0.0000
0.7500 -4.0000 0.0500
0.7449 -3.9612 0.0500
0.7299 -3.9250 0.0500
0.7061 -3.8939 0.0500
0.6750 -3.8701 0.0500
0.6388 -3.8551 0.0500
0.6000 -3.8500 0.0500
0.5612 -3.8551 0.0500
0.5250 -3.8701 0.0500
0.4939 -3.8939 0.0500
0.4701 -3.9250 0.0500
0.4551 -3.9612 0.0500
0.4500 -4.0000 0.0500
0.4551 -4.0388 0.0500
0.4701 -4.0750 0.0500
0.4939 -4.1061 0.0500
0.5250 -4.1299 0.0500
0.5612 -4.1449 0.0500
0.6000 -4.1500 0.0500
0.6388 -4.1449 0.0500
0.6750 -4.1299 0.0500
0.7061 -4.1061 0.0500
0.7299 -4.0750 0.0500
0.7449 -4.0388 0.0500
0.7500 -4.0000 0.1000
0.7449 -3.9612 0.1000
0.7299 -3.9250 0.1000
0.7061 -3.8939 0.1000
0.6750 -3.8701 0.1000
0.6388 -3.8551 0.1000
0.6000 -3.8500 0.1000
0.5612 -3.8551 0.1000
0.5250 -3.8701 0.1000
0.4939 -3.8939 0.1000
0.4701 -3.9250 0.1000
0.4551 -3.9612 0.1000
0.4500 -4.0000 0.1000
0.4551 -4.0388 0.1000
0.4701 -4.0750 0.1000
0.4939 -4.1061 0.1000
0.5250 -4.1299 0.1000
0.5612 -4.1449 0.1000
0.6000 -4.1500 0.1000
0.6388 -4.1449 0.1000
0.6750 -4.1299 0.1000
0.7061 -4.1061 0.1000
0.7299 -4.0750 0.1000
0.7449 -4.0388 0.1000
0.7500 -4.0000 0.1500
0.7449 -3.9612 0.1500
0.7299 -3.9250 0.1500
0.7061 -3.8939 0.1500
0.6750 -3.8701 0.1500
0.6388 -3.8551 0.1500
0.6000 -3.8500 0.1500
0.5612 -3.8551 0.1500
0.5250 -3.8701 0.1500
0.4939 -3.8939 0.1500
0.4701 -3.9250 0.1500
0.4551 -3.9612 0.1500
0.4500 -4.0000 0.1500
0.4551 -4.0388 0.1500
0.4701 -4.0750 0.1500
0.4939 -4.1061 0.1500
0.5250 -4.1299 0.1500
0.5612 -4.1449 0.1500
0.6000 -4.1500 0.1500
0.6388 -4.1449 0.1500
0.6750 -4.1299 0.1500
0.7061 -4.1061 0.1500
0.7299 -4.0750 0.1500
0.7449 -4.0388 0.1500
0.7500 -4.0000 0.2000
0.7449 -3.9612 0.2000
0.7299 -3.9250 0.2000
0.7061 -3.8939 0.2000
0.6750 -3.8701 0.2000
0.6388 -3.8551 0.2000
0.6000 -3.8500 0.2000
0.5612 -3.8551 0.2000
0.5250 -3.8701 0.2000
0.4939 -3.8939 0.2000
0.4701 -3.9250 0.2000
0.4551 -3.9612 0.2000
0.4500 -4.0000 0.2000
0.4551 -4.0388 0.2000
0.4701 -4.0750 0.2000
0.4939 -4.1061 0.2000
0.5250 -4.1299 0.2000
0.5612 -4.1449 0.2000
0.6000 -4.1500 0.2000
0.6388 -4.1449 0.2000
0.6750 -4.1299 0.2000
0.7061 -4.1061 0.2000
0.7299 -4.0750 0.2000
0.7449 -4.0388 0.2000
0.7500 -4.0000 0.2500
0.7449 -3.9612 0.2500
0.7299 -3.9250 0.2500
0.7061 -3.8939 0.2500
0.6750 -3.8701 0.2500
0.6388 -3.8551 0.2500
0.6000 -3.8500 0.2500
0.5612 -3.8551 0.2500
0.5250 -3.8701 0.2500
0.4939 -3.8939 0.2500
0.4701 -3.9250 0.2500
0.4551 -3.9612 0.2500
0.4500 -4.0000 0.2500
0.4551 -4.0388 0.2500
0.4701 -4.0750 0.2500
0.4939 -4.1061 0.2500
0.5250 -4.1299 0.2500
0.5612 -4.1449 0.2500
0.6000 -4.1500 0.2500
0.6388 -4.1449 0.2500
0.6750 -4.1299 0.2500
0.7061 -4.1061 0.2500
0.7299 -4.0750 0.2500
0.7449 -4.0388 0.2500
0.7500 -4.0000 0.3000
0.7449 -3.9612 0.3000
0.7299 -3.9250 0.3000
0.7061 -3.8939 0.3000
0.6750 -3.8701 0.3000
0.6388 -3.8551 0.3000
0.6000 -3.8500 0.3000
0.5612 -3.8551 0.3000
0.5250 -3.8701 0.3000
0.4939 -3.8939 0.3000
0.4701 -3.9250 0.3000
0.4551 -3.9612 0.3000
0.4500 -4.0000 0.3000
0.4551 -4.0388 0.3000
0.4701 -4.0750 0.3000
0.4939 -4.1061 0.3000
0.5250 -4.1299 0.3000
0.5612 -4.1449 0.3000
0.6000 -4.1500 0.3000
0.6388 -4.1449 0.3000
0.6750 -4.1299 0.3000
0.7061 -4.1061 0.3000
0.7299 -4.0750 0.3000
0.7449 -4.0388 0.3000
0.7500 -4.0000 0.3500
0.7449 -3.9612 0.3500
0.7299 -3.9250 0.3500
0.7061 -3.8939 0.3500
0.6750 -3.8701 0.3500
0.6388 -3.8551 0.3500
0.6000 -3.8500 0.3500
0.5612 -3.8551 0.3500
0.5250 -3.8701 0.3500
0.4939 -3.8939 0.3500
0.4701 -3.9250 0.3500
0.4551 -3.9612 0.3500
0.4500 -4.0000 0.3500
0.4551 -4.0388 0.3500
0.4701 -4.0750 0.3500
0.4939 -4.1061 0.3500
0.5250 -4.1299 0.3500
0.5612 -4.1449 0.3500
0.6000 -4.1500 0.3500
0.6388 -4.1449 0.3500
0.6750 -4.1299 0.3500
0.7061 -4.1061 0.3500
0.7299 -4.0750 0.3500
0.7449 -4.0388 0.3500
0.7500 -4.0000 0.4000
0.7449 -3.9612 0.4000
0.7299 -3.9250 0.4000
0.7061 -3.8939 0.4000
0.6750 -3.8701 0.4000
0.6388 -3.8551 0.4000
0.6000 -3.8500 0.4000
0.5612 -3.8551 0.4000
0.5250 -3.8701 0.4000
0.4939 -3.8939 0.4000
0.4701 -3.9250 0.4000
0.4551 -3.9612 0.4000
0.4500 -4.0000 0.4000
0.4551 -4.0388 0.4000
0.4701 -4.0750 0.4000
0.4939 -4.1061 0.4000
0.5250 -4.1299 0.4000
0.5612 -4.1449 0.4000
0.6000 -4.1500 0.4000
0.6388 -4.1449 0.4000
0.6750 -4.1299 0.4000
0.7061 -4.1061 0.4000
0.7299 -4.0750 0.4000
0.7449 -4.0388 0.4000
0.7500 -4.0000 0.4500
0.7449 -3.9612 0.4500
0.7299 -3.9250 0.4500
0.7061 -3.8939 0.4500
0.6750 -3.8701 0.4500
0.6388 -3.8551 0.4500
0.6000 -3.8500 0.4500
0.5612 -3.8551 0.4500
0.5250 -3.8701 0.4500
0.4939 -3.8939 0.4500
0.4701 -3.9250 0.4500
0.4551 -3.9612 0.4500
0.4500 -4.0000 0.4500
0.4551 -4.0388 0.4500
0.4701 -4.0750 0.4500
0.4939 -4.1061 0.4500
0.5250 -4.1299 0.4500
0.5612 -4.1449 0.4500
0.6000 -4.1500 0.4500
0.6388 -4.1449 0.4500
0.6750 -4.1299 0.4500
0.7061 -4.1061 0.4500
0.7299 -4.0750 0.4500
0.7449 -4.0388 0.4500
0.7500 -4.0000 0.5000
0.7449 -3.9612 0.5000
0.7299 -3.9250 0.5000
0.7061 -3.8939 0.5000
0.6750 -3.8701 0.5000
0.6388 -3.8551 0.5000
0.6000 -3.8500 0.5000
0.5612 -3.8551 0.5000
0.5250 -3.8701 0.5000
0.4939 -3.8939 0.5000
0.4701 -3.9250 0.5000
0.4551 -3.9612 0.5000
0.4500 -4.0000 0.5000
0.4551 -4.0388 0.5000
0.4701 -4.0750 0.5000
0.4939 -4.1061 0.5000
0.5250 -4.1299 0.5000
0.5612 -4.1449 0.5000
0.6000 -4.1500 0.5000
0.6388 -4.1449 0.5000
0.6750 -4.1299 0.5000
0.7061 -4.1061 0.5000
0.7299 -4.0750 0.5000
0.7449 -4.0388 0.5000
0.7500 -4.0000 0.5500
0.7449 -3.9612 0.5500
0.7299 -3.9250 0.5500
0.7061 -3.8939 0.5500
0.6750 -3.8701 0.5500
0.6388 -3.8551 0.5500
0.6000 -3.8500 0.5500
0.5612 -3.8551 0.5500
0.5250 -3.8701 0.5500
0.4939 -3.8939 0.5500
0.4701 -3.9250 0.5500
0.4551 -3.9612 0.5500
0.4500 -4.0000 0.5500
0.4551 -4.0388 0.5500
0.4701 -4.0750 0.5500
0.4939 -4.1061 0.5500
0.5250 -4.1299 0.5500
0.5612 -4.1449 0.5500
0.6000 -4.1500 0.5500
0.6388 -4.1449 0.5500
0.6750 -4.1299 0.5500
0.7061 -4.1061 0.5500
0.7299 -4.0750 0.5500
0.7449 -4.0388 0.5500
0.7500 -4.0000 0.6000
0.7449 -3.9612 0.6000
0.7299 -3.9250 0.6000
0.7061 -3.8939 0.6000
0.6750 -3.8701 0.6000
0.6388 -3.8551 0.6000
0.6000 -3.8500 0.6000
0.5612 -3.8551 0.6000
0.5250 -3.8701 0.6000
0.4939 -3.8939 0.6000
0.4701 -3.9250 0.6000
0.4551 -3.9612 0.6000
0.4500 -4.0000 0.6000
0.4551 -4.0388 0.6000
0.4701 -4.0750 0.6000
0.4939 -4.1061 0.6000
0.5250 -4.1299 0.6000
0.5612 -4.1449 0.6000
0.6000 -4.1500 0.6000
0.6388 -4.1449 0.6000
0.6750 -4.1299 0.6000
0.7061 -4.1061 0.6000
0.7299 -4.0750 0.6000
0.7449 -4.0388 0.6000
0.7500 -4.0000 0.6500
0.7449 -3.9612 0.6500
0.7299 -3.9250 0.6500
0.7061 -3.8939 0.6500
0.6750 -3.8701 0.6500
0.6388 -3.8551 0.6500
0.6000 -3.8500 0.6500
0.5612 -3.8551 0.6500
0.5250 -3.8701 0.6500
0.4939 -3.8939 0.6500
0.4701 -3.9250 0.6500
0.4551 -3.9612 0.6500
0.4500 -4.0000 0.6500
0.4551 -4.0388 0.6500
0.4701 -4.0750 0.6500
0.4939 -4.1061 0.6500
0.5250 -4.1299 0.6500
0.5612 -4.1449 0.6500
0.6000 -4.1500 0.6500
0.6388 -4.1449 0.6500
0.6750 -4.1299 0.6500
0.7061 -4.1061 0.6500
0.7299 -4.0750 0.6500
0.7449 -4.0388 0.6500
0.7500 -4.0000 0.7000
0.7449 -3.9612 0.7000
0.7299 -3.9250 0.7000
0.7061 -3.8939 0.7000
0.6750 -3.8701 0.7000
0.6388 -3.8551 0.7000
0.6000 -3.8500 0.7000
0.5612 -3.8551 0.7000
0.5250 -3.8701 0.7000
0.4939 -3.8939 0.7000
0.4701 -3.9250 0.7000
0.4551 -3.9612 0.7000
0.4500 -4.0000 0.7000
0.4551 -4.0388 0.7000
0.4701 -4.0750 0.7000
0.4939 -4.1061 0.7000
0.5250 -4.1299 0.7000
0.5612 -4.1449 0.7000
0.6000 -4.1500 0.7000
0.6388 -4.1449 0.7000
0.6750 -4.1299 0.7000
0.7061 -4.1061 0.7000
0.7299 -4.0750 0.7000
0.7449 -4.0388 0.7000
0.7500 -4.0000 0.7500
0.7449 -3.9612 0.7500
0.7299 -3.9250 0.7500
0.7061 -3.8939 0.7500
0.6750 -3.8701 0.7500
0.6388 -3.8551 0.7500
0.6000 -3.8500 0.7500
0.5612 -3.8551 0.7500
0.5250 -3.8701 0.7500
0.4939 -3.8939 0.7500
0.4701 -3.9250 0.7500
0.4551 -3.9612 0.7500
0.4500 -4.0000 0.7500
0.4551 -4.0388 0.7500
0.4701 -4.0750 0.7500
0.4939 -4.1061 0.7500
0.5250 -4.1299 0.7500
0.5612 -4.1449 0.7500
0.6000 -4.1500 0.7500
0.6388 -4.1449 0.7500
0.6750 -4.1299 0.7500
0.7061 -4.1061 0.7500
0.7299 -4.0750 0.7500
0.7449 -4.0388 0.7500
0.7500 -4.0000 0.8000
0.7449 -3.9612 0.8000
0.7299 -3.9250 0.8000
0.7061 -3.8939 0.8000
0.6750 -3.8701 0.8000
0.6388 -3.8551 0.8000
0.6000 -3.8500 0.8000
0.5612 -3.8551 0.8000
0.5250 -3.8701 0.8000
0.4939 -3.8939 0.8000
0.4701 -3.9250 0.8000
0.4551 -3.9612 0.8000
0.4500 -4.0000 0.8000
0.4551 -4.0388 0.8000
0.4701 -4.0750 0.8000
0.4939 -4.1061 0.8000
0.5250 -4.1299 0.8000
0.5612 -4.1449 0.8000
0.6000 -4.1500 0.8000
0.6388 -4.1449 0.8000
0.6750 -4.1299 0.8000
0.7061 -4.1061 0.8000
0.7299 -4.0750 0.8000
0.7449 -4.0388 0.8000
0.7500 -4.0000 0.8500
0.7449 -3.9612 0.8500
0.7299 -3.9250 0.8500
0.7061 -3.8939 0.8500
0.6750 -3.8701 0.8500
0.6388 -3.8551 0.8500
0.6000 -3.8500 0.8500
0.5612 -3.8551 0.8500
0.5250 -3.8701 0.8500
0.4939 -3.8939 0.8500
0.4701 -3.9250 0.8500
0.4551 -3.9612 0.8500
0.4500 -4.0000 0.8500
0.4551 -4.0388 0.8500
0.4701 -4.0750 0.8500
0.4939 -4.1061 0.8500
0.5250 -4.1299 0.8500
0.5612 -4.1449 0.8500
0.6000 -4.1500 0.8500
0.6388 -4.1449 0.8500
0.6750 -4.1299 0.8500
0.7061 -4.1061 0.8500
0.7299 -4.0750 0.8500
0.7449 -4.0388 0.8500
0.7500 -4.0000 0.9000
0.7449 -3.9612 0.9000
0.7299 -3.9250 0.9000
0.7061 -3.8939 0.9000
0.6750 -3.8701 0.9000
0.6388 -3.8551 0.9000
0.6000 -3.8500 0.9000
0.5612 -3.8551 0.9000
0.5250 -3.8701 0.9000
0.4939 -3.8939 0.9000
0.4701 -3.9250 0.9000
0.4551 -3.9612 0.9000
0.4500 -4.0000 0.9000
0.4551 -4.0388 0.9000
0.4701 -4.0750 0.9000
0.4939 -4.1061 0.9000
0.5250 -4.1299 0.9000
0.5612 -4.1449 0.9000
0.6000 -4.1500 0.9000
0.6388 -4.1449 0.9000
0.6750 -4.1299 0.9000
0.7061 -4.1061 0.9000
0.7299 -4.0750 0.9000
0.7449 -4.0388 0.9000
0.7500 -4.0000 0.9500
0.7449 -3.9612 0.9500
0.7299 -3.9250 0.9500
0.7061 -3.8939 0.9500
0.6750 -3.8701 0.9500
0.6388 -3.8551 0.9500
0.6000 -3.8500 0.9500
0.5612 -3.8551 0.9500
0.5250 -3.8701 0.9500
0.4939 -3.8939 0.9500
0.4701 -3.9250 0.9500
0.4551 -3.9612 0.9500
0.4500 -4.0000 0.9500
0.4551 -4.0388 0.9500
0.4701 -4.0750 0.9500
0.4939 -4.1061 0.9500
0.5250 -4.1299 0.9500
0.5612 -4.1449 0.9500
0.6000 -4.1500 0.9500
0.6388 -4.1449 0.9500
0.6750 -4.1299 0.9500
0.7061 -4.1061 0.9500
0.7299 -4.0750 0.9500
0.7449 -4.0388 0.9500
0.7500 -4.0000 1.0000
0.7449 -3.9612 1.0000
0.7299 -3.9250 1.0000
0.7061 -3.8939 1.0000
0.6750 -3.8701 1.0000
0.6388 -3.8551 1.0000
0.6000 -3.8500 1.0000
0.5612 -3.8551 1.0000
0.5250 -3.8701 1.0000
0.4939 -3.8939 1.0000
0.4701 -3.9250 1.0000
0.4551 -3.9612 1.0000
0.4500 -4.0000 1.0000
0.4551 -4.0388 1.0000
0.4701 -4.0750 1.0000
0.4939 -4.1061 1.0000
0.5250 -4.1299 1.0000
0.5612 -4.1449 1.0000
0.6000 -4.1500 1.0000
0.6388 -4.1449 1.0000
0.6750 -4.1299 1.0000
0.7061 -4.1061 1.0000
0.7299 -4.0750 1.0000
0.7449 -4.0388 1.0000
0.7500 -4.0000 1.0500
0.7449 -3.9612 1.0500
0.7299 -3.9250 1.0500
0.7061 -3.8939 1.0500
0.6750 -3.8701 1.0500
0.6388 -3.8551 1.0500
0.6000 -3.8500 1.0500
0.5612 -3.8551 1.0500
0.5250 -3.8701 1.0500
0.4939 -3.8939 1.0500
0.4701 -3.9250 1.0500
0.4551 -3.9612 1.0500
0.4500 -4.0000 1.0500
0.4551 -4.0388 1.0500
0.4701 -4.0750 1.0500
0.4939 -4.1061 1.0500
0.5250 -4.1299 1.0500
0.5612 -4.1449 1.0500
0.6000 -4.1500 1.0500
0.6388 -4.1449 1.0500
0.6750 -4.1299 1.0500
0.7061 -4.1061 1.0500
0.7299 -4.0750 1.0500
0.7449 -4.0388 1.0500
0.7500 -4.0000 1.1000
0.7449 -3.9612 1.1000
0.7299 -3.9250 1.1000
0.7061 -3.8939 1.1000
0.6750 -3.8701 1.1000
0.6388 -3.8551 1.1000
0.6000 -3.8500 1.1000
0.5612 -3.8551 1.1000
0.5250 -3.8701 1.1000
0.4939 -3.8939 1.1000
0.4701 -3.9250 1.1000
0.4551 -3.9612 1.1000
0.4500 -4.0000 1.1000
0.4551 -4.0388 1.1000
0.4701 -4.0750 1.1000
0.4939 -4.1061 1.1000
0.5250 -4.1299 1.1000
0.5612 -4.1449 1.1000
0.6000 -4.1500 1.1000
0.6388 -4.1449 1.1000
0.6750 -4.1299 1.1000
0.7061 -4.1061 1.1000
0.7299 -4.0750 1.1000
0.7449 -4.0388 1.1000
0.7500 -4.0000 1.1500
0.7449 -3.9612 1.1500
0.7299 -3.9250 1.1500
0.7061 -3.8939 1.1500
0.6750 -3.8701 1.1500
0.6388 -3.8551 1.1500
0.6000 -3.8500 1.1500
0.5612 -3.8551 1.1500
0.5250 -3.8701 1.1500
0.4939 -3.8939 1.1500
0.4701 -3.9250 1.1500
0.4551 -3.9612 1.1500
0.4500 -4.0000 1.1500
0.4551 -4.0388 1.1500
0.4701 -4.0750 1.1500
0.4939 -4.1061 1.1500
0.5250 -4.1299 1.1500
0.5612 -4.1449 1.1500
0.6000 -4.1500 1.1500
0.6388 -4.1449 1.1500
0.6750 -4.1299 1.1500
0.7061 -4.1061 1.1500
0.7299 -4.0750 1.1500
0.7449 -4.0388 1.1500
0.7500 -4.0000 1.2000
0.7449 -3.9612 1.2000
0.7299 -3.9250 1.2000
0.7061 -3.8939 1.2000
0.6750 -3.8701 1.2000
0.6388 -3.8551 1.2000
0.6000 -3.8500 1.2000
0.5612 -3.8551 1.2000
0.5250 -3.8701 1.2000
0.4939 -3.8939 1.2000
0.4701 -3.9250 1.2000
0.4551 -3.9612 1.2000
0.4500 -4.0000 1.2000
0.4551 -4.0388 1.2000
0.4701 -4.0750 1.2000
0.4939 -4.1061 1.2000
0.5250 -4.1299 1.2000
0.5612 -4.1449 1.2000
0.6000 -4.1500 1.2000
0.6388 -4.1449 1.2000
0.6750 -4.1299 1.2000
0.7061 -4.1061 1.2000
0.7299 -4.0750 1.2000
0.7449 -4.0388 1.2000
0.7500 -4.0000 1.2500
0.7449 -3.9612 1.2500
0.7299 -3.9250 1.2500
0.7061 -3.8939 1.2500
0.6750 -3.8701 1.2500
0.6388 -3.8551 1.2500
0.6000 -3.8500 1.2500
0.5612 -3.8551 1.2500
0.5250 -3.8701 1.2500
0.4939 -3.8939 1.2500
0.4701 -3.9250 1.2500
0.4551 -3.9612 1.2500
0.4500 -4.0000 1.2500
0.4551 -4.0388 1.2500
0.4701 -4.0750 1.2500
0.4939 -4.1061 1.2500
0.5250 -4.1299 1.2500
0.5612 -4.1449 1.2500
0.6000 -4.1500 1.2500
0.6388 -4.1449 1.2500
0.6750 -4.1299 1.2500
0.7061 -4.1061 1.2500
0.7299 -4.0750 1.2500
0.7449 -4.0388 1.2500
0.7500 -4.0000 1.3000
0.7449 -3.9612 1.3000
0.7299 -3.9250 1.3000
0.7061 -3.8939 1.3000
0.6750 -3.8701 1.3000
0.6388 -3.8551 1.3000
0.6000 -3.8500 1.3000
0.5612 -3.8551 1.3000
0.5250 -3.8701 1.3000
0.4939 -3.8939 1.3000
0.4701 -3.9250 1.3000
0.4551 -3.9612 1.3000
0.4500 -4.0000 1.3000
0.4551 -4.0388 1.3000
0.4701 -4.0750 1.3000
0.4939 -4.1061 1.3000
0.5250 -4.1299 1.3000
0.5612 -4.1449 1.3000
0.6000 -4.1500 1.3000
0.6388 -4.1449 1.3000
0.6750 -4.1299 1.3000
0.7061 -4.1061 1.3000
0.7299 -4.0750 1.3000
0.7449 -4.0388 1.3000
0.7500 -4.0000 1.3500
0.7449 -3.9612 1.3500
0.7299 -3.9250 1.3500
0.7061 -3.8939 1.3500
0.6750 -3.8701 1.3500
0.6388 -3.8551 1.3500
0.6000 -3.8500 1.3500
0.5612 -3.8551 1.3500
0.5250 -3.8701 1.3500
0.4939 -3.8939 1.3500
0.4701 -3.9250 1.3500
0.4551 -3.9612 1.3500
0.4500 -4.0000 1.3500
0.4551 -4.0388 1.3500
0.4701 -4.0750 1.3500
0.4939 -4.1061 1.3500
0.5250 -4.1299 1.3500
0.5612 -4.1449 1.3500
0.6000 -4.1500 1.3500
0.6388 -4.1449 1.3500
0.6750 -4.1299 1.3500
0.7061 -4.1061 1.3500
0.7299 -4.0750 1.3500
0.7449 -4.0388 1.3500
0.7500 -4.0000 1.4000
0.7449 -3.9612 1.4000
0.7299 -3.9250 1.4000
0.7061 -3.8939 1.4000
0.6750 -3.8701 1.4000
0.6388 -3.8551 1.4000
0.6000 -3.8500 1.4000
0.5612 -3.8551 1.4000
0.5250 -3.8701 1.4000
0.4939 -3.8939 1.4000
0.4701 -3.9250 1.4000
0.4551 -3.9612 1.4000
0.4500 -4.0000 1.4000
0.4551 -4.0388 1.4000
0.4701 -4.0750 1.4000
0.4939 -4.1061 1.4000
0.5250 -4.1299 1.4000
0.5612 -4.1449 1.4000
0.6000 -4.1500 1.4000
0.6388 -4.1449 1.4000
0.6750 -4.1299 1.4000
0.7061 -4.1061 1.4000
0.7299 -4.0750 1.4000
0.7449 -4.0388 1.4000
0.7500 -4.0000 1.4500
0.7449 -3.9612 1.4500
0.7299 -3.9250 1.4500
0.7061 -3.8939 1.4500
0.6750 -3.8701 1.4500
0.6388 -3.8551 1.4500
0.6000 -3.8500 1.4500
0.5612 -3.8551 1.4500
0.5250 -3.8701 1.4500
0.4939 -3.8939 1.4500
0.4701 -3.9250 1.4500
0.4551 -3.9612 1.4500
0.4500 -4.0000 1.4500
0.4551 -4.0388 1.4500
0.4701 -4.0750 1.4500
0.4939 -4.1061 1.4500
0.5250 -4.1299 1.4500
0.5612 -4.1449 1.4500
0.6000 -4.1500 1.4500
0.6388 -4.1449 1.4500
0.6750 -4.1299 1.4500
0.7061 -4.1061 1.4500
0.7299 -4.0750 1.4500
0.7449 -4.0388 1.4500
0.7500 -4.0000 1.5000
0.7449 -3.9612 1.5000
0.7299 -3.9250 1.5000
0.7061 -3.8939 1.5000
0.6750 -3.8701 1.5000
0.6388 -3.8551 1.5000
0.6000 -3.8500 1.5000
0.5612 -3.8551 1.5000
0.5250 -3.8701 1.5000
0.4939 -3.8939 1.5000
0.4701 -3.9250 1.5000
0.4551 -3.9612 1.5000
0.4500 -4.0000 1.5000
0.4551 -4.0388 1.5000
0.4701 -4.0750 1.5000
0.4939 -4.1061 1.5000
0.5250 -4.1299 1.5000
0.5612 -4.1449 1.5000
0.6000 -4.1500 1.5000
0.6388 -4.1449 1.5000
0.6750 -4.1299 1.5000
0.7061 -4.1061 1.5000
0.7299 -4.0750 1.5000
0.7449 -4.0388 1.5000
0.7500 -4.0000 1.5500
0.7449 -3.9612 1.5500
0.7299 -3.9250 1.5500
0.7061 -3.8939 1.5500
0.6750 -3.8701 1.5500
0.6388 -3.8551 1.5500
0.6000 -3.8500 1.5500
0.5612 -3.8551 1.5500
0.5250 -3.8701 1.5500
0.4939 -3.8939 1.5500
0.4701 -3.9250 1.5500
0.4551 -3.9612 1.5500
0.4500 -4.0000 1.5500
0.4551 -4.0388 1.5500
0.4701 -4.0750 1.5500
0.4939 -4.1061 1.5500
0.5250 -4.1299 1.5500
0.5612 -4.1449 1.5500
0.6000 -4.1500 1.5500
0.6388 -4.1449 1.5500
0.6750 -4.1299 1.5500
0.7061 -4.1061 1.5500
0.7299 -4.0750 1.5500
0.7449 -4.0388 1.5500
0.7500 -4.0000 1.6000
0.7449 -3.9612 1.6000
0.7299 -3.9250 1.6000
0.7061 -3.8939 1.6000
0.6750 -3.8701 1.6000
0.6388 -3.8551 1.6000
0.6000 -3.8500 1.6000
0.5612 -3.8551 1.6000
0.5250 -3.8701 1.6000
0.4939 -3.8939 1.6000
0.4701 -3.9250 1.6000
0.4551 -3.9612 1.6000
0.4500 -4.0000 1.6000
0.4551 -4.0388 1.6000
0.4701 -4.0750 1.6000
0.4939 -4.1061 1.6000
0.5250 -4.1299 1.6000
0.5612 -4.1449 1.6000
0.6000 -4.1500 1.6000
0.6388 -4.1449 1.6000
0.6750 -4.1299 1.6000
0.7061 -4.1061 1.6000
0.7299 -4.0750 1.6000
0.7449 -4.0388 1.6000
0.7500 -4.0000 1.6500
0.7449 -3.9612 1.6500
0.7299 -3.9250 1.6500
0.7061 -3.8939 1.6500
0.6750 -3.8701 1.6500
0.6388 -3.8551 1.6500
0.6000 -3.8500 1.6500
0.5612 -3.8551 1.6500
0.5250 -3.8701 1.6500
0.4939 -3.8939 1.6500
0.4701 -3.9250 1.6500
0.4551 -3.9612 1.6500
0.4500 -4.0000 1.6500
0.4551 -4.0388 1.6500
0.4701 -4.0750 1.6500
0.4939 -4.1061 1.6500
0.5250 -4.1299 1.6500
0.5612 -4.1449 1.6500
0.6000 -4.1500 1.6500
0.6388 -4.1449 1.6500
0.6750 -4.1299 1.6500
0.7061 -4.1061 1.6500
0.7299 -4.0750 1.6500
0.7449 -4.0388 1.6500
0.7500 -4.0000 1.7000
0.7449 -3.9612 1.7000
0.7299 -3.9250 1.7000
0.7061 -3.8939 1.7000
0.6750 -3.8701 1.7000
0.6388 -3.8551 1.7000
0.6000 -3.8500 1.7000
0.5612 -3.8551 1.7000
0.5250 -3.8701 1.7000
0.4939 -3.8939 1.7000
0.4701 -3.9250 1.7000
0.4551 -3.9612 1.7000
0.4500 -4.0000 1.7000
0.4551 -4.0388 1.7000
0.4701 -4.0750 1.7000
0.4939 -4.1061 1.7000
0.5250 -4.1299 1.7000
0.5612 -4.1449 1.7000
0.6000 -4.1500 1.7000
0.6388 -4.1449 1.7000
0.6750 -4.1299 1.7000
0.7061 -4.1061 1.7000
0.7299 -4.0750 1.7000
0.7449 -4.0388 1.7000
0.7500 -4.0000 1.7500
0.7449 -3.9612 1.7500
0.7299 -3.9250 1.7500
0.7061 -3.8939 1.7500
0.6750 -3.8701 1.7500
0.6388 -3.8551 1.7500
0.6000 -3.8500 1.7500
0.5612 -3.8551 1.7500
0.5250 -3.8701 1.7500
0.4939 -3.8939 1.7500
0.4701 -3.9250 1.7500
0.4551 -3.9612 1.7500
0.4500 -4.0000 1.7500
0.4551 -4.0388 1.7500
0.4701 -4.0750 1.7500
0.4939 -4.1061 1.7500
0.5250 -4.1299 1.7500
0.5612 -4.1449 1.7500
0.6000 -4.1500 1.7500
0.6388 -4.1449 1.7500
0.6750 -4.1299 1.7500
0.7061 -4.1061 1.7500
0.7299 -4.0750 1.7500
0.7449 -4.0388 1.7500
0.7500 -4.0000 1.8000
0.7449 -3.9612 1.8000
0.7299 -3.9250 1.8000
0.7061 -3.8939 1.8000
0.6750 -3.8701 1.8000
0.6388 -3.8551 1.8000
0.6000 -3.8500 1.8000
0.5612 -3.8551 1.8000
0.5250 -3.8701 1.8000
0.4939 -3.8939 1.8000
0.4701 -3.9250 1.8000
0.4551 -3.9612 1.8000
0.4500 -4.0000 1.8000
0.4551 -4.0388 1.8000
0.4701 -4.0750 1.8000
0.4939 -4.1061 1.8000
0.5250 -4.1299 1.8000
0.5612 -4.1449 1.8000
0.6000 -4.1500 1.8000
0.6388 -4.1449 1.8000
0.6750 -4.1299 1.8000
0.7061 -4.1061 1.8000
0.7299 -4.0750 1.8000
0.7449 -4.0388 1.8000
0.7500 -4.0000 1.8500
0.7449 -3.9612 1.8500
0.7299 -3.9250 1.8500
0.7061 -3.8939 1.8500
0.6750 -3.8701 1.8500
0.6388 -3.8551 1.8500
0.6000 -3.8500 1.8500
0.5612 -3.8551 1.8500
0.5250 -3.8701 1.8500
0.4939 -3.8939 1.8500
0.4701 -3.9250 1.8500
0.4551 -3.9612 1.8500
0.4500 -4.0000 1.8500
0.4551 -4.0388 1.8500
0.4701 -4.0750 1.8500
0.4939 -4.1061 1.8500
0.5250 -4.1299 1.8500
0.5612 -4.1449 1.8500
0.6000 -4.1500 1.8500
0.6388 -4.1449 1.8500
0.6750 -4.1299 1.8500
0.7061 -4.1061 1.8500
0.7299 -4.0750 1.8500
0.7449 -4.0388 1.8500
0.7500 -4.0000 1.9000
0.7449 -3.9612 1.9000
0.7299 -3.9250 1.9000
0.7061 -3.8939 1.9000
0.6750 -3.8701 1.9000
0.6388 -3.8551 1.9000
0.6000 -3.8500 1.9000
0.5612 -3.8551 1.9000
0.5250 -3.8701 1.9000
0.4939 -3.8939 1.9000
0.4701 -3.9250 1.9000
0.4551 -3.9612 1.9000
0.4500 -4.0000 1.9000
0.4551 -4.0388 1.9000
0.4701 -4.0750 1.9000
0.4939 -4.1061 1.9000
0.5250 -4.1299 1.9000
0.5612 -4.1449 1.9000
0.6000 -4.1500 1.9000
0.6388 -4.1449 1.9000
0.6750 -4.1299 1.9000
0.7061 -4.1061 1.9000
0.7299 -4.0750 1.9000
0.7449 -4.0388 1.9000
0.7500 -4.0000 1.9500
0.7449 -3.9612 1.9500
0.7299 -3.9250 1.9500
0.7061 -3.8939 1.9500
0.6750 -3.8701 1.9500
0.6388 -3.8551 1.9500
0.6000 -3.8500 1.9500
0.5612 -3.8551 1.9500
0.5250 -3.8701 1.9500
0.4939 -3.8939 1.9500
0.4701 -3.9250 1.9500
0.4551 -3.9612 1.9500
0.4500 -4.0000 1.9500
0.4551 -4.0388 1.9500
0.4701 -4.0750 1.9500
0.4939 -4.1061 1.9500
0.5250 -4.1299 1.9500
0.5612 -4.1449 1.9500
0.6000 -4.1500 1.9500
0.6388 -4.1449 1.9500
0.6750 -4.1299 1.9500
0.7061 -4.1061 1.9500
0.7299 -4.0750 1.9500
0.7449 -4.0388 1.9500
0.7500 -4.0000 2.0000
0.7449 -3.9612 2.0000
0.7299 -3.9250 2.0000
0.7061 -3.8939 2.0000
0.6750 -3.8701 2.0000
0.6388 -3.8551 2.0000
0.6000 -3.8500 2.0000
0.5612 -3.8551 2.0000
0.5250 -3.8701 2.0000
0.4939 -3.8939 2.0000
0.4701 -3.9250 2.0000
0.4551 -3.9612 2.0000
0.4500 -4.0000 2.0000
0.4551 -4.0388 2.0000
0.4701 -4.0750 2.0000
0.4939 -4.1061 2.0000
0.5250 -4.1299 2.0000
0.5612 -4.1449 2.0000
0.6000 -4.1500 2.0000
0.6388 -4.1449 2.0000
0.6750 -4.1299 2.0000
0.7061 -4.1061 2.0000
0.7299 -4.0750 2.0000
0.7449 -4.0388 2.0000
0.6000 -4.0000 0.0000
0.6750 -4.0000 0.0000
0.6724 -3.9806 0.0000
0.6650 -3.9625 0.0000
0.6530 -3.9470 0.0000
0.6375 -3.9350 0.0000
0.6194 -3.9276 0.0000
0.6000 -3.9250 0.0000
0.5806 -3.9276 0.0000
0.5625 -3.9350 0.0000
0.5470 -3.9470 0.0000
0.5350 -3.9625 0.0000
0.5276 -3.9806 0.0000
0.5250 -4.0000 0.0000
0.5276 -4.0194 0.0000
0.5350 -4.0375 0.0000
0.5470 -4.0530 0.0000
0.5625 -4.0650 0.0000
0.5806 -4.0724 0.0000
0.6000 -4.0750 0.0000
0.6194 -4.0724 0.0000
0.6375 -4.0650 0.0000
0.6530 -4.0530 0.0000
0.6650 -4.0375 0.0000
0.6724 -4.0194 0.0000
0.7500 -4.0000 0.0000
0.7449 -3.9612 0.0000
0.7299 -3.9250 0.0000
0.7061 -3.8939 0.0000
0.6750 -3.8701 0.0000
0.6388 -3.8551 0.0000
0.6000 -3.8500 0.0000
0.5612 -3.8551 0.0000
0.5250 -3.8701 0.0000
0.4939 -3.8939 0.0000
0.4701 -3.9250 0.0000
0.4551 -3.9612 0.0000
0.4500 -4.0000 0.0000
0.4551 -4.0388 0.0000
0.4701 -4.0750 0.0000
0.4939 -4.1061 0.0000
0.5250 -4.1299 0.0000
0.5612 -4.1449 0.0000
0.6000 -4.1500 0.0000
0.6388 -4.1449 0.0000
0.6750 -4.1299 0.0000
0.7061 -4.1061 0.0000
0.7299 -4.0750 0.0000
0.7449 -4.0388 0.0000
0.6000 -4.0000 2.0000
0.6750 -4.0000 2.0000
0.6724 -3.9806 2.0000
0.6650 -3.9625 2.0000
0.6530 -3.9470 2.0000
0.6375 -3.9350 2.0000
0.6194 -3.9276 2.0000
0.6000 -3.9250 2.0000
0.5806 -3.9276 2.0000
0.5625 -3.9350 2.0000
0.5470 -3.9470 2.0000
0.5350 -3.9625 2.0000
0.5276 -3.9806 2.0000
0.5250 -4.0000 2.0000
0.5276 -4.0194 2.0000
0.5350 -4.0375 2.0000
0.5470 -4.0530 2.0000
0.5625 -4.0650 2.0000
0.5806 -4.0724 2.0000
0.6000 -4.0750 2.0000
0.6194 -4.0724 2.0000
0.6375 -4.0650 2.0000
0.6530 -4.0530 2.0000
0.6650 -4.0375 2.0000
0.6724 -4.0194 2.0000
0.7500 -4.0000 2.0000
0.7449 -3.9612 2.0000
0.7299 -3.9250 2.0000
0.7061 -3.8939 2.0000
0.6750 -3.8701 2.0000
0.6388 -3.8551 2.0000
0.6000 -3.8500 2.0000
0.5612 -3.8551 2.0000
0.5250 -3.8701 2.0000
0.4939 -3.8939 2.0000
0.4701 -3.9250 2.0000
0.4551 -3.9612 2.0000
0.4500 -4.0000 2.0000
0.4551 -4.0388 2.0000
0.4701 -4.0750 2.0000
0.4939 -4.1061 2.0000
0.5250 -4.1299 2.0000
0.5612 -4.1449 2.0000
0.6000 -4.1500 2.0000
0.6388 -4.1449 2.0000
0.6750 -4.1299 2.0000
0.7061 -4.1061 2.0000
0.7299 -4.0750 2.0000
0.7449 -4.0388 2.0000
3.4500 -4.2000 0.0000
3.4449 -4.1612 0.0000
3.4299 -4.1250 0.0000
3.4061 -4.0939 0.0000
3.3750 -4.0701 0.0000
3.3388 -4.0551 0.0000
3.3000 -4.0500 0.0000
3.2612 -4.0551 0.0000
3.2250 -4.0701 0.0000
3.1939 -4.0939 0.0000
3.1701 -4.1250 0.0000
3.1551 -4.1612 0.0000
3.1500 -4.2000 0.0000
3.1551 -4.2388 0.0000
3.1701 -4.2750 0.0000
3.1939 -4.3061 0.0000
3.2250 -4.3299 0.0000
3.2612 -4.3449 0.0000
3.3000 -4.3500 0.0000
3.3388 -4.3449 0.0000
3.3750 -4.3299 0.0000
3.4061 -4.3061 0.0000
3.4299 -4.2750 0.0000
3.4449 -4.2388 0.0000
3.4500 -4.2000 0.0500
3.4449 -4.1612 0.0500
3.4299 -4.1250 0.0500
3.4061 -4.0939 0.0500
3.3750 -4.0701 0.0500
3.3388 -4.0551 0.0500
3.3000 -4.0500 0.0500
3.2612 -4.0551 0.0500
3.2250 -4.0701 0.0500
3.1939 -4.0939 0.0500
3.1701 -4.1250 0.0500
3.1551 -4.1612 0.0500
3.1500 -4.2000 0.0500
3.1551 -4.2388 0.0500
3.1701 -4.2750 0.0500
3.1939 -4.3061 0.0500
3.2250 -4.3299 0.0500
3.2612 -4.3449 0.0500
3.3000 -4.3500 0.0500
3.3388 -4.3449 0.0500
3.3750 -4.3299 0.0500
3.4061 -4.3061 0.0500
3.4299 -4.2750 0.0500
3.4449 -4.2388 0.0500
3.4500 -4.2000 0.1000
3.4449 -4.1612 0.1000
3.4299 -4.1250 0.1000
3.4061 -4.0939 0.1000
3.3750 -4.0701 0.1000
3.3388 -4.0551 0.1000
3.3000 -4.0500 0.1000
3.2612 -4.0551 0.1000
3.2250 -4.0701 0.1000
3.1939 -4.0939 0.1000
3.1701 -4.1250 0.1000
3.1551 -4.1612 0.1000
3.1500 -4.2000 0.1000
3.1551 -4.2388 0.1000
3.1701 -4.2750 0.1000
3.1939 -4.3061 0.1000
3.2250 -4.3299 0.1000
3.2612 -4.3449 0.1000
3.3000 -4.3500 0.1000
3.3388 -4.3449 0.1000
3.3750 -4.3299 0.1000
3.4061 -4.3061 0.1000
3.4299 -4.2750 0.1000
3.4449 -4.2388 0.1000
3.4500 -4.2000 0.1500
3.4449 -4.1612 0.1500
3.4299 -4.1250 0.1500
3.4061 -4.0939 0.1500
3.3750 -4.0701 0.1500
3.3388 -4.0551 0.1500
3.3000 -4.0500 0.1500
3.2612 -4.0551 0.1500
3.2250 -4.0701 0.1500
3.1939 -4.0939 0.1500
3.1701 -4.1250 0.1500
3.1551 -4.1612 0.1500
3.1500 -4.2000 0.1500
3.1551 -4.2388 0.1500
3.1701 -4.2750 0.1500
3.1939 -4.3061 0.1500
3.2250 -4.3299 0.1500
3.2612 -4.3449 0.1500
3.3000 -4.3500 0.1500
3.3388 -4.3449 0.1500
3.3750 -4.3299 0.1500
3.4061 -4.3061 0.1500
3.4299 -4.2750 0.1500
3.4449 -4.2388 0.1500
3.4500 -4.2000 0.2000
3.4449 -4.1612 0.2000
3.4299 -4.1250 0.2000
3.4061 -4.0939 0.2000
3.3750 -4.0701 0.2000
3.3388 -4.0551 0.2000
3.3000 -4.0500 0.2000
3.2612 -4.0551 0.2000
3.2250 -4.0701 0.2000
3.1939 -4.0939 0.2000
3.1701 -4.1250 0.2000
3.1551 -4.1612 0.2000
3.1500 -4.2000 0.2000
3.1551 -4.2388 0.2000
3.1701 -4.2750 0.2000
3.1939 -4.3061 0.2000
3.2250 -4.3299 0.2000
3.2612 -4.3449 0.2000
3.3000 -4.3500 0.2000
3.3388 -4.3449 0.2000
3.3750 -4.3299 0.2000
3.4061 -4.3061 0.2000
3.4299 -4.2750 0.2000
3.4449 -4.2388 0.2000
3.4500 -4.2000 0.2500
3.4449 -4.1612 0.2500
3.4299 -4.1250 0.2500
3.4061 -4.0939 0.2500
3.3750 -4.0701 0.2500
3.3388 -4.0551 0.2500
3.3000 -4.0500 0.2500
3.2612 -4.0551 0.2500
3.2250 -4.0701 0.2500
3.1939 -4.0939 0.2500
3.1701 -4.1250 0.2500
3.1551 -4.1612 0.2500
3.1500 -4.2000 0.2500
3.1551 -4.2388 0.2500
3.1701 -4.2750 0.2500
3.1939 -4.3061 0.2500
3.2250 -4.3299 0.2500
3.2612 -4.3449 0.2500
3.3000 -4.3500 0.2500
3.3388 -4.3449 0.2500
3.3750 -4.3299 0.2500
3.4061 -4.3061 0.2500
3.4299 -4.2750 0.2500
3.4449 -4.2388 0.2500
3.4500 -4.2000 0.3000
3.4449 -4.1612 0.3000
3.4299 -4.1250 0.3000
3.4061 -4.0939 0.3000
3.3750 -4.0701 0.3000
3.3388 -4.0551 0.3000
3.3000 -4.0500 0.3000
3.2612 -4.0551 0.3000
3.2250 -4.0701 0.3000
3.1939 -4.0939 0.3000
3.1701 -4.1250 0.3000
3.1551 -4.1612 0.3000
3.1500 -4.2000 0.3000
3.1551 -4.2388 0.3000
3.1701 -4.2750 0.3000
3.1939 -4.3061 0.3000
3.2250 -4.3299 0.3000
3.2612 -4.3449 0.3000
3.3000 -4.3500 0.3000
3.3388 -4.3449 0.3000
3.3750 -4.3299 0.3000
3.4061 -4.3061 0.3000
3.4299 -4.2750 0.3000
3.4449 -4.2388 0.3000
3.4500 -4.2000 0.3500
3.4449 -4.1612 0.3500
3.4299 -4.1250 0.3500
3.4061 -4.0939 0.3500
3.3750 -4.0701 0.3500
3.3388 -4.0551 0.3500
3.3000 -4.0500 0.3500
3.2612 -4.0551 0.3500
3.2250 -4.0701 0.3500
3.1939 -4.0939 0.3500
3.1701 -4.1250 0.3500
3.1551 -4.1612 0.3500
3.1500 -4.2000 0.3500
3.1551 -4.2388 0.3500
3.1701 -4.2750 0.3500
3.1939 -4.3061 0.3500
3.2250 -4.3299 0.3500
3.2612 -4.3449 0.3500
3.3000 -4.3500 0.3500
3.3388 -4.3449 0.3500
3.3750 -4.3299 0.3500
3.4061 -4.3061 0.3500
3.4299 -4.2750 0.3500
3.4449 -4.2388 0.3500
3.4500 -4.2000 0.4000
3.4449 -4.1612 0.4000
3.4299 -4.1250 0.4000
3.4061 -4.0939 0.4000
3.3750 -4.0701 0.4000
3.3388 -4.0551 0.4000
3.3000 -4.0500 0.4000
3.2612 -4.0551 0.4000
3.2250 -4.0701 0.4000
3.1939 -4.0939 0.4000
3.1701 -4.1250 0.4000
3.1551 -4.1612 0.4000
3.1500 -4.2000 0.4000
3.1551 -4.2388 0.4000
3.1701 -4.2750 0.4000
3.1939 -4.3061 0.4000
3.2250 -4.3299 0.4000
3.2612 -4.3449 0.4000
3.3000 -4.3500 0.4000
3.3388 -4.3449 0.4000
3.3750 -4.3299 0.4000
3.4061 -4.3061 0.4000
3.4299 -4.2750 0.4000
3.4449 -4.2388 0.4000
3.4500 -4.2000 0.4500
3.4449 -4.1612 0.4500
3.4299 -4.1250 0.4500
3.4061 -4.0939 0.4500
3.3750 -4.0701 0.4500
3.3388 -4.0551 0.4500
3.3000 -4.0500 0.4500
3.2612 -4.0551 0.4500
3.2250 -4.0701 0.4500
3.1939 -4.0939 0.4500
3.1701 -4.1250 0.4500
3.1551 -4.1612 0.4500
3.1500 -4.2000 0.4500
3.1551 -4.2388 0.4500
3.1701 -4.2750 0.4500
3.1939 -4.3061 0.4500
3.2250 -4.3299 0.4500
3.2612 -4.3449 0.4500
3.3000 -4.3500 0.4500
3.3388 -4.3449 0.4500
3.3750 -4.3299 0.4500
3.4061 -4.3061 0.4500
3.4299 -4.2750 0.4500
3.4449 -4.2388 0.4500
3.4500 -4.2000 0.5000
3.4449 -4.1612 0.5000
3.4299 -4.1250 0.5000
3.4061 -4.0939 0.5000
3.3750 -4.0701 0.5000
3.3388 -4.0551 0.5000
3.3000 -4.0500 0.5000
3.2612 -4.0551 0.5000
3.2250 -4.0701 0.5000
3.1939 -4.0939 0.5000
3.1701 -4.1250 0.5000
3.1551 -4.1612 0.5000
3.1500 -4.2000 0.5000
3.1551 -4.2388 0.5000
3.1701 -4.2750 0.5000
3.1939 -4.3061 0.5000
3.2250 -4.3299 0.5000
3.2612 -4.3449 0.5000
3.3000 -4.3500 0.5000
3.3388 -4.3449 0.5000
3.3750 -4.3299 0.5000
3.4061 -4.3061 0.5000
3.4299 -4.2750 0.5000
3.4449 -4.2388 0.5000
3.4500 -4.2000 0.5500
3.4449 -4.1612 0.5500
3.4299 -4.1250 0.5500
3.4061 -4.0939 0.5500
3.3750 -4.0701 0.5500
3.3388 -4.0551 0.5500
3.3000 -4.0500 0.5500
3.2612 -4.0551 0.5500
3.2250 -4.0701 0.5500
3.1939 -4.0939 0.5500
3.1701 -4.1250 0.5500
3.1551 -4.1612 0.5500
3.1500 -4.2000 0.5500
3.1551 -4.2388 0.5500
3.1701 -4.2750 0.5500
3.1939 -4.3061 0.5500
3.2250 -4.3299 0.5500
3.2612 -4.3449 0.5500
3.3000 -4.3500 0.5500
3.3388 -4.3449 0.5500
3.3750 -4.3299 0.5500
3.4061 -4.3061 0.5500
3.4299 -4.2750 0.5500
3.4449 -4.2388 0.5500
3.4500 -4.2000 0.6000
3.4449 -4.1612 0.6000
3.4299 -4.1250 0.6000
3.4061 -4.0939 0.6000
3.3750 -4.0701 0.6000
3.3388 -4.0551 0.6000
3.3000 -4.0500 0.6000
3.2612 -4.0551 0.6000
3.2250 -4.0701 0.6000
3.1939 -4.0939 0.6000
3.1701 -4.1250 0.6000
3.1551 -4.1612 0.6000
3.1500 -4.2000 0.6000
3.1551 -4.2388 0.6000
3.1701 -4.2750 0.6000
3.1939 -4.3061 0.6000
3.2250 -4.3299 0.6000
3.2612 -4.3449 0.6000
3.3000 -4.3500 0.6000
3.3388 -4.3449 0.6000
3.3750 -4.3299 0.6000
3.4061 -4.3061 0.6000
3.4299 -4.2750 0.6000
3.4449 -4.2388 0.6000
3.4500 -4.2000 0.6500
3.4449 -4.1612 0.6500
3.4299 -4.1250 0.6500
3.4061 -4.0939 0.6500
3.3750 -4.0701 0.6500
3.3388 -4.0551 0.6500
3.3000 -4.0500 0.6500
3.2612 -4.0551 0.6500
3.2250 -4.0701 0.6500
3.1939 -4.0939 0.6500
3.1701 -4.1250 0.6500
3.1551 -4.1612 0.6500
3.1500 -4.2000 0.6500
3.1551 -4.2388 0.6500
3.1701 -4.2750 0.6500
3.1939 -4.3061 0.6500
3.2250 -4.3299 0.6500
3.2612 -4.3449 0.6500
3.3000 -4.3500 0.6500
3.3388 -4.3449 0.6500
3.3750 -4.3299 0.6500
3.4061 -4.3061 0.6500
3.4299 -4.2750 0.6500
3.4449 -4.2388 0.6500
3.4500 -4.2000 0.7000
3.4449 -4.1612 0.7000
3.4299 -4.1250 0.7000
3.4061 -4.0939 0.7000
3.3750 -4.0701 0.7000
3.3388 -4.0551 0.7000
3.3000 -4.0500 0.7000
3.2612 -4.0551 0.7000
3.2250 -4.0701 0.7000
3.1939 -4.0939 0.7000
3.1701 -4.1250 0.7000
3.1551 -4.1612 0.7000
3.1500 -4.2000 0.7000
3.1551 -4.2388 0.7000
3.1701 -4.2750 0.7000
3.1939 -4.3061 0.7000
3.2250 -4.3299 0.7000
3.2612 -4.3449 0.7000
3.3000 -4.3500 0.7000
3.3388 -4.3449 0.7000
3.3750 -4.3299 0.7000
3.4061 -4.3061 0.7000
3.4299 -4.2750 0.7000
3.4449 -4.2388 0.7000
3.4500 -4.2000 0.7500
3.4449 -4.1612 0.7500
3.4299 -4.1250 0.7500
3.4061 -4.0939 0.7500
3.3750 -4.0701 0.7500
3.3388 -4.0551 0.7500
3.3000 -4.0500 0.7500
3.2612 -4.0551 0.7500
3.2250 -4.0701 0.7500
3.1939 -4.0939 0.7500
3.1701 -4.1250 0.7500
3.1551 -4.1612 0.7500
3.1500 -4.2000 0.7500
3.1551 -4.2388 0.7500
3.1701 -4.2750 0.7500
3.1939 -4.3061 0.7500
3.2250 -4.3299 0.7500
3.2612 -4.3449 0.7500
3.3000 -4.3500 0.7500
3.3388 -4.3449 0.7500
3.3750 -4.3299 0.7500
3.4061 -4.3061 0.7500
3.4299 -4.2750 0.7500
3.4449 -4.2388 0.7500
3.4500 -4.2000 0.8000
3.4449 -4.1612 0.8000
3.4299 -4.1250 0.8000
3.4061 -4.0939 0.8000
3.3750 -4.0701 0.8000
3.3388 -4.0551 0.8000
3.3000 -4.0500 0.8000
3.2612 -4.0551 0.8000
3.2250 -4.0701 0.8000
3.1939 -4.0939 0.8000
3.1701 -4.1250 0.8000
3.1551 -4.1612 0.8000
3.1500 -4.2000 0.8000
3.1551 -4.2388 0.8000
3.1701 -4.2750 0.8000
3.1939 -4.3061 0.8000
3.2250 -4.3299 0.8000
3.2612 -4.3449 0.8000
3.3000 -4.3500 0.8000
3.3388 -4.3449 0.8000
3.3750 -4.3299 0.8000
3.4061 -4.3061 0.8000
3.4299 -4.2750 0.8000
3.4449 -4.2388 0.8000
3.4500 -4.2000 0.8500
3.4449 -4.1612 0.8500
3.4299 -4.1250 0.8500
3.4061 -4.0939 0.8500
3.3750 -4.0701 0.8500
3.3388 -4.0551 0.8500
3.3000 -4.0500 0.8500
3.2612 -4.0551 0.8500
3.2250 -4.0701 0.8500
3.1939 -4.0939 0.8500
3.1701 -4.1250 0.8500
3.1551 -4.1612 0.8500
3.1500 -4.2000 0.8500
3.1551 -4.2388 0.8500
3.1701 -4.2750 0.8500
3.1939 -4.3061 0.8500
3.2250 -4.3299 0.8500
3.2612 -4.3449 0.8500
3.3000 -4.3500 0.8500
3.3388 -4.3449 0.8500
3.3750 -4.3299 0.8500
3.4061 -4.3061 0.8500
3.4299 -4.2750 0.8500
3.4449 -4.2388 0.8500
3.4500 -4.2000 0.9000
3.4449 -4.1612 0.9000
3.4299 -4.1250 0.9000
3.4061 -4.0939 0.9000
3.3750 -4.0701 0.9000
3.3388 -4.0551 0.9000
3.3000 -4.0500 0.9000
3.2612 -4.0551 0.9000
3.2250 -4.0701 0.9000
3.1939 -4.0939 0.9000
3.1701 -4.1250 0.9000
3.1551 -4.1612 0.9000
3.1500 -4.2000 0.9000
3.1551 -4.2388 0.9000
3.1701 -4.2750 0.9000
3.1939 -4.3061 0.9000
3.2250 -4.3299 0.9000
3.2612 -4.3449 0.9000
3.3000 -4.3500 0.9000
3.3388 -4.3449 0.9000
3.3750 -4.3299 0.9000
3.4061 -4.3061 0.9000
3.4299 -4.2750 0.9000
3.4449 -4.2388 0.9000
3.4500 -4.2000 0.9500
3.4449 -4.1612 0.9500
3.4299 -4.1250 0.9500
3.4061 -4.0939 0.9500
3.3750 -4.0701 0.9500
3.3388 -4.0551 0.9500
3.3000 -4.0500 0.9500
3.2612 -4.0551 0.9500
3.2250 -4.0701 0.9500
3.1939 -4.0939 0.9500
3.1701 -4.1250 0.9500
3.1551 -4.1612 0.9500
3.1500 -4.2000 0.9500
3.1551 -4.2388 0.9500
3.1701 -4.2750 0.9500
3.1939 -4.3061 0.9500
3.2250 -4.3299 0.9500
3.2612 -4.3449 0.9500
3.3000 -4.3500 0.9500
3.3388 -4.3449 0.9500
3.3750 -4.3299 0.9500
3.4061 -4.3061 0.9500
3.4299 -4.2750 0.9500
3.4449 -4.2388 0.9500
3.4500 -4.2000 1.0000
3.4449 -4.1612 1.0000
3.4299 -4.1250 1.0000
3.4061 -4.0939 1.0000
3.3750 -4.0701 1.0000
3.3388 -4.0551 1.0000
3.3000 -4.0500 1.0000
3.2612 -4.0551 1.0000
3.2250 -4.0701 1.0000
3.1939 -4.0939 1.0000
3.1701 -4.1250 1.0000
3.1551 -4.1612 1.0000
3.1500 -4.2000 1.0000
3.1551 -4.2388 1.0000
3.1701 -4.2750 1.0000
3.1939 -4.3061 1.0000
3.2250 -4.3299 1.0000
3.2612 -4.3449 1.0000
3.3000 -4.3500 1.0000
3.3388 -4.3449 1.0000
3.3750 -4.3299 1.0000
3.4061 -4.3061 1.0000
3.4299 -4.2750 1.0000
3.4449 -4.2388 1.0000
3.4500 -4.2000 1.0500
3.4449 -4.1612 1.0500
3.4299 -4.1250 1.0500
3.4061 -4.0939 1.0500
3.3750 -4.0701 1.0500
3.3388 -4.0551 1.0500
3.3000 -4.0500 1.0500
3.2612 -4.0551 1.0500
3.2250 -4.0701 1.0500
3.1939 -4.0939 1.0500
3.1701 -4.1250 1.0500
3.1551 -4.1612 1.0500
3.1500 -4.2000 1.0500
3.1551 -4.2388 1.0500
3.1701 -4.2750 1.0500
3.1939 -4.3061 1.0500
3.2250 -4.3299 1.0500
3.2612 -4.3449 1.0500
3.3000 -4.3500 1.0500
3.3388 -4.3449 1.0500
3.3750 -4.3299 1.0500
3.4061 -4.3061 1.0500
3.4299 -4.2750 1.0500
3.4449 -4.2388 1.0500
3.4500 -4.2000 1.1000
3.4449 -4.1612 1.1000
3.4299 -4.1250 1.1000
3.4061 -4.0939 1.1000
3.3750 -4.0701 1.1000
3.3388 -4.0551 1.1000
3.3000 -4.0500 1.1000
3.2612 -4.0551 1.1000
3.2250 -4.0701 1.1000
3.1939 -4.0939 1.1000
3.1701 -4.1250 1.1000
3.1551 -4.1612 1.1000
3.1500 -4.2000 1.1000
3.1551 -4.2388 1.1000
3.1701 -4.2750 1.1000
3.1939 -4.3061 1.1000
3.2250 -4.3299 1.1000
3.2612 -4.3449 1.1000
3.3000 -4.3500 1.1000
3.3388 -4.3449 1.1000
3.3750 -4.3299 1.1000
3.4061 -4.3061 1.1000
3.4299 -4.2750 1.1000
3.4449 -4.2388 1.1000
3.4500 -4.2000 1.1500
3.4449 -4.1612 1.1500
3.4299 -4.1250 1.1500
3.4061 -4.0939 1.1500
3.3750 -4.0701 1.1500
3.3388 -4.0551 1.1500
3.3000 -4.0500 1.1500
3.2612 -4.0551 1.1500
3.2250 -4.0701 1.1500
3.1939 -4.0939 1.1500
3.1701 -4.1250 1.1500
3.1551 -4.1612 1.1500
3.1500 -4.2000 1.1500
3.1551 -4.2388 1.1500
3.1701 -4.2750 1.1500
3.1939 -4.3061 1.1500
3.2250 -4.3299 1.1500
3.2612 -4.3449 1.1500
3.3000 -4.3500 1.1500
3.3388 -4.3449 1.1500
3.3750 -4.3299 1.1500
3.4061 -4.3061 1.1500
3.4299 -4.2750 1.1500
3.4449 -4.2388 1.1500
3.4500 -4.2000 1.2000
3.4449 -4.1612 1.2000
3.4299 -4.1250 1.2000
3.4061 -4.0939 1.2000
3.3750 -4.0701 1.2000
3.3388 -4.0551 1.2000
3.3000 -4.0500 1.2000
3.2612 -4.0551 1.2000
3.2250 -4.0701 1.2000
3.1939 -4.0939 1.2000
3.1701 -4.1250 1.2000
3.1551 -4.1612 1.2000
3.1500 -4.2000 1.2000
3.1551 -4.2388 1.2000
3.1701 -4.2750 1.2000
3.1939 -4.3061 1.2000
3.2250 -4.3299 1.2000
3.2612 -4.3449 1.2000
3.3000 -4.3500 1.2000
3.3388 -4.3449 1.2000
3.3750 -4.3299 1.2000
3.4061 -4.3061 1.2000
3.4299 -4.2750 1.2000
3.4449 -4.2388 1.2000
3.4500 -4.2000 1.2500
3.4449 -4.1612 1.2500
3.4299 -4.1250 1.2500
3.4061 -4.0939 1.2500
3.3750 -4.0701 1.2500
3.3388 -4.0551 1.2500
3.3000 -4.0500 1.2500
3.2612 -4.0551 1.2500
3.2250 -4.0701 1.2500
3.1939 -4.0939 1.2500
3.1701 -4.1250 1.2500
3.1551 -4.1612 1.2500
3.1500 -4.2000 1.2500
3.1551 -4.2388 1.2500
3.1701 -4.2750 1.2500
3.1939 -4.3061 1.2500
3.2250 -4.3299 1.2500
3.2612 -4.3449 1.2500
3.3000 -4.3500 1.2500
3.3388 -4.3449 1.2500
3.3750 -4.3299 1.2500
3.4061 -4.3061 1.2500
3.4299 -4.2750 1.2500
3.4449 -4.2388 1.2500
3.4500 -4.2000 1.3000
3.4449 -4.1612 1.3000
3.4299 -4.1250 1.3000
3.4061 -4.0939 1.3000
3.3750 -4.0701 1.3000
3.3388 -4.0551 1.3000
3.3000 -4.0500 1.3000
3.2612 -4.0551 1.3000
3.2250 -4.0701 1.3000
3.1939 -4.0939 1.3000
3.1701 -4.1250 1.3000
3.1551 -4.1612 1.3000
3.1500 -4.2000 1.3000
3.1551 -4.2388 1.3000
3.1701 -4.2750 1.3000
3.1939 -4.3061 1.3000
3.2250 -4.3299 1.3000
3.2612 -4.3449 1.3000
3.3000 -4.3500 1.3000
3.3388 -4.3449 1.3000
3.3750 -4.3299 1.3000
3.4061 -4.3061 1.3000
3.4299 -4.2750 1.3000
3.4449 -4.2388 1.3000
3.4500 -4.2000 1.3500
3.4449 -4.1612 1.3500
3.4299 -4.1250 1.3500
3.4061 -4.0939 1.3500
3.3750 -4.0701 1.3500
3.3388 -4.0551 1.3500
3.3000 -4.0500 1.3500
3.2612 -4.0551 1.3500
3.2250 -4.0701 1.3500
3.1939 -4.0939 1.3500
3.1701 -4.1250 1.3500
3.1551 -4.1612 1.3500
3.1500 -4.2000 1.3500
3.1551 -4.2388 1.3500
3.1701 -4.2750 1.3500
3.1939 -4.3061 1.3500
3.2250 -4.3299 1.3500
3.2612 -4.3449 1.3500
3.3000 -4.3500 1.3500
3.3388 -4.3449 1.3500
3.3750 -4.3299 1.3500
3.4061 -4.3061 1.3500
3.4299 -4.2750 1.3500
3.4449 -4.2388 1.3500
3.4500 -4.2000 1.4000
3.4449 -4.1612 1.4000
3.4299 -4.1250 1.4000
3.4061 -4.0939 1.4000
3.3750 -4.0701 1.4000
3.3388 -4.0551 1.4000
3.3000 -4.0500 1.4000
3.2612 -4.0551 1.4000
3.2250 -4.0701 1.4000
3.1939 -4.0939 1.4000
3.1701 -4.1250 1.4000
3.1551 -4.1612 1.4000
3.1500 -4.2000 1.4000
3.1551 -4.2388 1.4000
3.1701 -4.2750 1.4000
3.1939 -4.3061 1.4000
3.2250 -4.3299 1.4000
3.2612 -4.3449 1.4000
3.3000 -4.3500 1.4000
3.3388 -4.3449 1.4000
3.3750 -4.3299 1.4000
3.4061 -4.3061 1.4000
3.4299 -4.2750 1.4000
3.4449 -4.2388 1.4000
3.4500 -4.2000 1.4500
3.4449 -4.1612 1.4500
3.4299 -4.1250 1.4500
3.4061 -4.0939 1.4500
3.3750 -4.0701 1.4500
3.3388 -4.0551 1.4500
3.3000 -4.0500 1.4500
3.2612 -4.0551 1.4500
3.2250 -4.0701 1.4500
3.1939 -4.0939 1.4500
3.1701 -4.1250 1.4500
3.1551 -4.1612 1.4500
3.1500 -4.2000 1.4500
3.1551 -4.2388 1.4500
3.1701 -4.2750 1.4500
3.1939 -4.3061 1.4500
3.2250 -4.3299 1.4500
3.2612 -4.3449 1.4500
3.3000 -4.3500 1.4500
3.3388 -4.3449 1.4500
3.3750 -4.3299 1.4500
3.4061 -4.3061 1.4500
3.4299 -4.2750 1.4500
3.4449 -4.2388 1.4500
3.4500 -4.2000 1.5000
3.4449 -4.1612 1.5000
3.4299 -4.1250 1.5000
3.4061 -4.0939 1.5000
3.3750 -4.0701 1.5000
3.3388 -4.0551 1.5000
3.3000 -4.0500 1.5000
3.2612 -4.0551 1.5000
3.2250 -4.0701 1.5000
3.1939 -4.0939 1.5000
3.1701 -4.1250 1.5000
3.1551 -4.1612 1.5000
3.1500 -4.2000 1.5000
3.1551 -4.2388 1.5000
3.1701 -4.2750 1.5000
3.1939 -4.3061 1.5000
3.2250 -4.3299 1.5000
3.2612 -4.3449 1.5000
3.3000 -4.3500 1.5000
3.3388 -4.3449 1.5000
3.3750 -4.3299 1.5000
3.4061 -4.3061 1.5000
3.4299 -4.2750 1.5000
3.4449 -4.2388 1.5000
3.4500 -4.2000 1.5500
3.4449 -4.1612 1.5500
3.4299 -4.1250 1.5500
3.4061 -4.0939 1.5500
3.3750 -4.0701 1.5500
3.3388 -4.0551 1.5500
3.3000 -4.0500 1.5500
3.2612 -4.0551 1.5500
3.2250 -4.0701 1.5500
3.1939 -4.0939 1.5500
3.1701 -4.1250 1.5500
3.1551 -4.1612 1.5500
3.1500 -4.2000 1.5500
3.1551 -4.2388 1.5500
3.1701 -4.2750 1.5500
3.1939 -4.3061 1.5500
3.2250 -4.3299 1.5500
3.2612 -4.3449 1.5500
3.3000 -4.3500 1.5500
3.3388 -4.3449 1.5500
3.3750 -4.3299 1.5500
3.4061 -4.3061 1.5500
3.4299 -4.2750 1.5500
3.4449 -4.2388 1.5500
3.4500 -4.2000 1.6000
3.4449 -4.1612 1.6000
3.4299 -4.1250 1.6000
3.4061 -4.0939 1.6000
3.3750 -4.0701 1.6000
3.3388 -4.0551 1.6000
3.3000 -4.0500 1.6000
3.2612 -4.0551 1.6000
3.2250 -4.0701 1.6000
3.1939 -4.0939 1.6000
3.1701 -4.1250 1.6000
3.1551 -4.1612 1.6000
3.1500 -4.2000 1.6000
3.1551 -4.2388 1.6000
3.1701 -4.2750 1.6000
3.1939 -4.3061 1.6000
3.2250 -4.3299 1.6000
3.2612 -4.3449 1.6000
3.3000 -4.3500 1.6000
3.3388 -4.3449 1.6000
3.3750 -4.3299 1.6000
3.4061 -4.3061 1.6000
3.4299 -4.2750 1.6000
3.4449 -4.2388 1.6000
3.4500 -4.2000 1.6500
3.4449 -4.1612 1.6500
3.4299 -4.1250 1.6500
3.4061 -4.0939 1.6500
3.3750 -4.0701 1.6500
3.3388 -4.0551 1.6500
3.3000 -4.0500 1.6500
3.2612 -4.0551 1.6500
3.2250 -4.0701 1.6500
3.1939 -4.0939 1.6500
3.1701 -4.1250 1.6500
3.1551 -4.1612 1.6500
3.1500 -4.2000 1.6500
3.1551 -4.2388 1.6500
3.1701 -4.2750 1.6500
3.1939 -4.3061 1.6500
3.2250 -4.3299 1.6500
3.2612 -4.3449 1.6500
3.3000 -4.3500 1.6500
3.3388 -4.3449 1.6500
3.3750 -4.3299 1.6500
3.4061 -4.3061 1.6500
3.4299 -4.2750 1.6500
3.4449 -4.2388 1.6500
3.4500 -4.2000 1.7000
3.4449 -4.1612 1.7000
3.4299 -4.1250 1.7000
3.4061 -4.0939 1.7000
3.3750 -4.0701 1.7000
3.3388 -4.0551 1.7000
3.3000 -4.0500 1.7000
3.2612 -4.0551 1.7000
3.2250 -4.0701 1.7000
3.1939 -4.0939 1.7000
3.1701 -4.1250 1.7000
3.1551 -4.1612 1.7000
3.1500 -4.2000 1.7000
3.1551 -4.2388 1.7000
3.1701 -4.2750 1.7000
3.1939 -4.3061 1.7000
3.2250 -4.3299 1.7000
3.2612 -4.3449 1.7000
3.3000 -4.3500 1.7000
3.3388 -4.3449 1.7000
3.3750 -4.3299 1.7000
3.4061 -4.3061 1.7000
3.4299 -4.2750 1.7000
3.4449 -4.2388 1.7000
3.4500 -4.2000 1.7500
3.4449 -4.1612 1.7500
3.4299 -4.1250 1.7500
3.4061 -4.0939 1.7500
3.3750 -4.0701 1.7500
3.3388 -4.0551 1.7500
3.3000 -4.0500 1.7500
3.2612 -4.0551 1.7500
3.2250 -4.0701 1.7500
3.1939 -4.0939 1.7500
3.1701 -4.1250 1.7500
3.1551 -4.1612 1.7500
3.1500 -4.2000 1.7500
3.1551 -4.2388 1.7500
3.1701 -4.2750 1.7500
3.1939 -4.3061 1.7500
3.2250 -4.3299 1.7500
3.2612 -4.3449 1.7500
3.3000 -4.3500 1.7500
3.3388 -4.3449 1.7500
3.3750 -4.3299 1.7500
3.4061 -4.3061 1.7500
3.4299 -4.2750 1.7500
3.4449 -4.2388 1.7500
3.4500 -4.2000 1.8000
3.4449 -4.1612 1.8000
3.4299 -4.1250 1.8000
3.4061 -4.0939 1.8000
3.3750 -4.0701 1.8000
3.3388 -4.0551 1.8000
3.3000 -4.0500 1.8000
3.2612 -4.0551 1.8000
3.2250 -4.0701 1.8000
3.1939 -4.0939 1.8000
3.1701 -4.1250 1.8000
3.1551 -4.1612 1.8000
3.1500 -4.2000 1.8000
3.1551 -4.2388 1.8000
3.1701 -4.2750 1.8000
3.1939 -4.3061 1.8000
3.2250 -4.3299 1.8000
3.2612 -4.3449 1.8000
3.3000 -4.3500 1.8000
3.3388 -4.3449 1.8000
3.3750 -4.3299 1.8000
3.4061 -4.3061 1.8000
3.4299 -4.2750 1.8000
3.4449 -4.2388 1.8000
3.4500 -4.2000 1.8500
3.4449 -4.1612 1.8500
3.4299 -4.1250 1.8500
3.4061 -4.0939 1.8500
3.3750 -4.0701 1.8500
3.3388 -4.0551 1.8500
3.3000 -4.0500 1.8500
3.2612 -4.0551 1.8500
3.2250 -4.0701 1.8500
3.1939 -4.0939 1.8500
3.1701 -4.1250 1.8500
3.1551 -4.1612 1.8500
3.1500 -4.2000 1.8500
3.1551 -4.2388 1.8500
3.1701 -4.2750 1.8500
3.1939 -4.3061 1.8500
3.2250 -4.3299 1.8500
3.2612 -4.3449 1.8500
3.3000 -4.3500 1.8500
3.3388 -4.3449 1.8500
3.3750 -4.3299 1.8500
3.4061 -4.3061 1.8500
3.4299 -4.2750 1.8500
3.4449 -4.2388 1.8500
3.4500 -4.2000 1.9000
3.4449 -4.1612 1.9000
3.4299 -4.1250 1.9000
3.4061 -4.0939 1.9000
3.3750 -4.0701 1.9000
3.3388 -4.0551 1.9000
3.3000 -4.0500 1.9000
3.2612 -4.0551 1.9000
3.2250 -4.0701 1.9000
3.1939 -4.0939 1.9000
3.1701 -4.1250 1.9000
3.1551 -4.1612 1.9000
3.1500 -4.2000 1.9000
3.1551 -4.2388 1.9000
3.1701 -4.2750 1.9000
3.1939 -4.3061 1.9000
3.2250 -4.3299 1.9000
3.2612 -4.3449 1.9000
3.3000 -4.3500 1.9000
3.3388 -4.3449 1.9000
3.3750 -4.3299 1.9000
3.4061 -4.3061 1.9000
3.4299 -4.2750 1.9000
3.4449 -4.2388 1.9000
3.4500 -4.2000 1.9500
3.4449 -4.1612 1.9500
3.4299 -4.1250 1.9500
3.4061 -4.0939 1.9500
3.3750 -4.0701 1.9500
3.3388 -4.0551 1.9500
3.3000 -4.0500 1.9500
3.2612 -4.0551 1.9500
3.2250 -4.0701 1.9500
3.1939 -4.0939 1.9500
3.1701 -4.1250 1.9500
3.1551 -4.1612 1.9500
3.1500 -4.2000 1.9500
3.1551 -4.2388 1.9500
3.1701 -4.2750 1.9500
3.1939 -4.3061 1.9500
3.2250 -4.3299 1.9500
3.2612 -4.3449 1.9500
3.3000 -4.3500 1.9500
3.3388 -4.3449 1.9500
3.3750 -4.3299 1.9500
3.4061 -4.3061 1.9500
3.4299 -4.2750 1.9500
3.4449 -4.2388 1.9500
3.4500 -4.2000 2.0000
3.4449 -4.1612 2.0000
3.4299 -4.1250 2.0000
3.4061 -4.0939 2.0000
3.3750 -4.0701 2.0000
3.3388 -4.0551 2.0000
3.3000 -4.0500 2.0000
3.2612 -4.0551 2.0000
3.2250 -4.0701 2.0000
3.1939 -4.0939 2.0000
3.1701 -4.1250 2.0000
3.1551 -4.1612 2.0000
3.1500 -4.2000 2.0000
3.1551 -4.2388 2.0000
3.1701 -4.2750 2.0000
3.1939 -4.3061 2.0000
3.2250 -4.3299 2.0000
3.2612 -4.3449 2.0000
3.3000 -4.3500 2.0000
3.3388 -4.3449 2.0000
3.3750 -4.3299 2.0000
3.4061 -4.3061 2.0000
3.4299 -4.2750 2.0000
3.4449 -4.2388 2.0000
3.3000 -4.2000 0.0000
3.3750 -4.2000 0.0000
3.3724 -4.1806 0.0000
3.3650 -4.1625 0.0000
3.3530 -4.1470 0.0000
3.3375 -4.1350 0.0000
3.3194 -4.1276 0.0000
3.3000 -4.1250 0.0000
3.2806 -4.1276 0.0000
3.2625 -4.1350 0.0000
3.2470 -4.1470 0.0000
3.2350 -4.1625 0.0000
3.2276 -4.1806 0.0000
3.2250 -4.2000 0.0000
3.2276 -4.2194 0.0000
3.2350 -4.2375 0.0000
3.2470 -4.2530 0.0000
3.2625 -4.2650 0.0000
3.2806 -4.2724 0.0000
3.3000 -4.2750 0.0000
3.3194 -4.2724 0.0000
3.3375 -4.2650 0.0000
3.3530 -4.2530 0.0000
3.3650 -4.2375 0.0000
3.3724 -4.2194 0.0000
3.4500 -4.2000 0.0000
3.4449 -4.1612 0.0000
3.4299 -4.1250 0.0000
3.4061 -4.0939 0.0000
3.3750 -4.0701 0.0000
3.3388 -4.0551 0.0000
3.3000 -4.0500 0.0000
3.2612 -4.0551 0.0000
3.2250 -4.0701 0.0000
3.1939 -4.0939 0.0000
3.1701 -4.1250 0.0000
3.1551 -4.1612 0.0000
3.1500 -4.2000 0.0000
3.1551 -4.2388 0.0000
3.1701 -4.2750 0.0000
3.1939 -4.3061 0.0000
3.2250 -4.3299 0.0000
3.2612 -4.3449 0.0000
3.3000 -4.3500 0.0000
3.3388 -4.3449 0.0000
3.3750 -4.3299 0.0000
3.4061 -4.3061 0.0000
3.4299 -4.2750 0.0000
3.4449 -4.2388 0.0000
3.3000 -4.2000 2.0000
3.3750 -4.2000 2.0000
3.3724 -4.1806 2.0000
3.3650 -4.1625 2.0000
3.3530 -4.1470 2.0000
3.3375 -4.1350 2.0000
3.3194 -4.1276 2.0000
3.3000 -4.1250 2.0000
3.2806 -4.1276 2.0000
3.2625 -4.1350 2.0000
3.2470 -4.1470 2.0000
3.2350 -4.1625 2.0000
3.2276 -4.1806 2.0000
3.2250 -4.2000 2.0000
3.2276 -4.2194 2.0000
3.2350 -4.2375 2.0000
3.2470 -4.2530 2.0000
3.2625 -4.2650 2.0000
3.2806 -4.2724 2.0000
3.3000 -4.2750 2.0000
3.3194 -4.2724 2.0000
3.3375 -4.2650 2.0000
3.3530 -4.2530 2.0000
3.3650 -4.2375 2.0000
3.3724 -4.2194 2.0000
3.4500 -4.2000 2.0000
3.4449 -4.1612 2.0000
3.4299 -4.1250 2.0000
3.4061 -4.0939 2.0000
3.3750 -4.0701 2.0000
3.3388 -4.0551 2.0000
3.3000 -4.0500 2.0000
3.2612 -4.0551 2.0000
3.2250 -4.0701 2.0000
3.1939 -4.0939 2.0000
3.1701 -4.1250 2.0000
3.1551 -4.1612 2.0000
3.1500 -4.2000 2.0000
3.1551 -4.2388 2.0000
3.1701 -4.2750 2.0000
3.1939 -4.3061 2.0000
3.2250 -4.3299 2.0000
3.2612 -4.3449 2.0000
3.3000 -4.3500 2.0000
3.3388 -4.3449 2.0000
3.3750 -4.3299 2.0000
3.4061 -4.3061 2.0000
3.4299 -4.2750 2.0000
3.4449 -4.2388 2.0000
-3.3500 -1.4000 0.0000
-3.3551 -1.3612 0.0000
-3.3701 -1.3250 0.0000
-3.3939 -1.2939 0.0000
-3.4250 -1.2701 0.0000
-3.4612 -1.2551 0.0000
-3.5000 -1.2500 0.0000
-3.5388 -1.2551 0.0000
-3.5750 -1.2701 0.0000
-3.6061 -1.2939 0.0000
-3.6299 -1.3250 0.0000
-3.6449 -1.3612 0.0000
-3.6500 -1.4000 0.0000
-3.6449 -1.4388 0.0000
-3.6299 -1.4750 0.0000
-3.6061 -1.5061 0.0000
-3.5750 -1.5299 0.0000
-3.5388 -1.5449 0.0000
-3.5000 -1.5500 0.0000
-3.4612 -1.5449 0.0000
-3.4250 -1.5299 0.0000
-3.3939 -1.5061 0.0000
-3.3701 -1.4750 0.0000
-3.3551 -1.4388 0.0000
-3.3500 -1.4000 0.0500
-3.3551 -1.3612 0.0500
-3.3701 -1.3250 0.0500
-3.3939 -1.2939 0.0500
-3.4250 -1.2701 0.0500
-3.4612 -1.2551 0.0500
-3.5000 -1.2500 0.0500
-3.5388 -1.2551 0.0500
-3.5750 -1.2701 0.0500
-3.6061 -1.2939 0.0500
-3.6299 -1.3250 0.0500
-3.6449 -1.3612 0.0500
-3.6500 -1.4000 0.0500
-3.6449 -1.4388 0.0500
-3.6299 -1.4750 0.0500
-3.6061 -1.5061 0.0500
-3.5750 -1.5299 0.0500
-3.5388 -1.5449 0.0500
-3.5000 -1.5500 0.0500
-3.4612 -1.5449 0.0500
-3.4250 -1.5299 0.0500
-3.3939 -1.5061 0.0500
-3.3701 -1.4750 0.0500
-3.3551 -1.4388 0.0500
-3.3500 -1.4000 0.1000
-3.3551 -1.3612 0.1000
-3.3701 -1.3250 0.1000
-3.3939 -1.2939 0.1000
-3.4250 -1.2701 0.1000
-3.4612 -1.2551 0.1000
-3.5000 -1.2500 0.1000
-3.5388 -1.2551 0.1000
-3.5750 -1.2701 0.1000
-3.6061 -1.2939 0.1000
-3.6299 -1.3250 0.1000
-3.6449 -1.3612 0.1000
-3.6500 -1.4000 0.1000
-3.6449 -1.4388 0.1000
-3.6299 -1.4750 0.1000
-3.6061 -1.5061 0.1000
-3.5750 -1.5299 0.1000
-3.5388 -1.5449 0.1000
-3.5000 -1.5500 0.1000
-3.4612 -1.5449 0.1000
-3.4250 -1.5299 0.1000
-3.3939 -1.5061 0.1000
-3.3701 -1.4750 0.1000
-3.3551 -1.4388 0.1000
-3.3500 -1.4000 0.1500
-3.3551 -1.3612 0.1500
-3.3701 -1.3250 0.1500
-3.3939 -1.2939 0.1500
-3.4250 -1.2701 0.1500
-3.4612 -1.2551 0.1500
-3.5000 -1.2500 0.1500
-3.5388 -1.2551 0.1500
-3.5750 -1.2701 0.1500
-3.6061 -1.2939 0.1500
-3.6299 -1.3250 0.1500
-3.6449 -1.3612 0.1500
-3.6500 -1.4000 0.1500
-3.6449 -1.4388 0.1500
-3.6299 -1.4750 0.1500
-3.6061 -1.5061 0.1500
-3.5750 -1.5299 0.1500
-3.5388 -1.5449 0.1500
-3.5000 -1.5500 0.1500
-3.4612 -1.5449 0.1500
-3.4250 -1.5299 0.1500
-3.3939 -1.5061 0.1500
-3.3701 -1.4750 0.1500
-3.3551 -1.4388 0.1500
-3.3500 -1.4000 0.2000
-3.3551 -1.3612 0.2000
-3.3701 -1.3250 0.2000
-3.3939 -1.2939 0.2000
-3.4250 -1.2701 0.2000
-3.4612 -1.2551 0.2000
-3.5000 -1.2500 0.2000
-3.5388 -1.2551 0.2000
-3.5750 -1.2701 0.2000
-3.6061 -1.2939 0.2000
-3.6299 -1.3250 0.2000
-3.6449 -1.3612 0.2000
-3.6500 -1.4000 0.2000
-3.6449 -1.4388 0.2000
-3.6299 -1.4750 0.2000
-3.6061 -1.5061 0.2000
-3.5750 -1.5299 0.2000
-3.5388 -1.5449 0.2000
-3.5000 -1.5500 0.2000
-3.4612 -1.5449 0.2000
-3.4250 -1.5299 0.2000
-3.3939 -1.5061 0.2000
-3.3701 -1.4750 0.2000
-3.3551 -1.4388 0.2000
-3.3500 -1.4000 0.2500
-3.3551 -1.3612 0.2500
-3.3701 -1.3250 0.2500
-3.3939 -1.2939 0.2500
-3.4250 -1.2701 0.2500
-3.4612 -1.2551 0.2500
-3.5000 -1.2500 0.2500
-3.5388 -1.2551 0.2500
-3.5750 -1.2701 0.2500
-3.6061 -1.2939 0.2500
-3.6299 -1.3250 0.2500
-3.6449 -1.3612 0.2500
-3.6500 -1.4000 0.2500
-3.6449 -1.4388 0.2500
-3.6299 -1.4750 0.2500
-3.6061 -1.5061 0.2500
-3.5750 -1.5299 0.2500
-3.5388 -1.5449 0.2500
-3.5000 -1.5500 0.2500
-3.4612 -1.5449 0.2500
-3.4250 -1.5299 0.2500
-3.3939 -1.5061 0.2500
-3.3701 -1.4750 0.2500
-3.3551 -1.4388 0.2500
-3.3500 -1.4000 0.3000
-3.3551 -1.3612 0.3000
-3.3701 -1.3250 0.3000
-3.3939 -1.2939 0.3000
-3.4250 -1.2701 0.3000
-3.4612 -1.2551 0.3000
-3.5000 -1.2500 0.3000
-3.5388 -1.2551 0.3000
-3.5750 -1.2701 0.3000
-3.6061 -1.2939 0.3000
-3.6299 -1.3250 0.3000
-3.6449 -1.3612 0.3000
-3.6500 -1.4000 0.3000
-3.6449 -1.4388 0.3000
-3.6299 -1.4750 0.3000
-3.6061 -1.5061 0.3000
-3.5750 -1.5299 0.3000
-3.5388 -1.5449 0.3000
-3.5000 -1.5500 0.3000
-3.4612 -1.5449 0.3000
-3.4250 -1.5299 0.3000
-3.3939 -1.5061 0.3000
-3.3701 -1.4750 0.3000
-3.3551 -1.4388 0.3000
-3.3500 -1.4000 0.3500
-3.3551 -1.3612 0.3500
-3.3701 -1.3250 0.3500
-3.3939 -1.2939 0.3500
-3.4250 -1.2701 0.3500
-3.4612 -1.2551 0.3500
-3.5000 -1.2500 0.3500
-3.5388 -1.2551 0.3500
-3.5750 -1.2701 0.3500
-3.6061 -1.2939 0.3500
-3.6299 -1.3250 0.3500
-3.6449 -1.3612 0.3500
-3.6500 -1.4000 0.3500
-3.6449 -1.4388 0.3500
-3.6299 -1.4750 0.3500
-3.6061 -1.5061 0.3500
-3.5750 -1.5299 0.3500
-3.5388 -1.5449 0.3500
-3.5000 -1.5500 0.3500
-3.4612 -1.5449 0.3500
-3.4250 -1.5299 0.3500
-3.3939 -1.5061 0.3500
-3.3701 -1.4750 0.3500
-3.3551 -1.4388 0.3500
-3.3500 -1.4000 0.4000
-3.3551 -1.3612 0.4000
-3.3701 -1.3250 0.4000
-3.3939 -1.2939 0.4000
-3.4250 -1.2701 0.4000
-3.4612 -1.2551 0.4000
-3.5000 -1.2500 0.4000
-3.5388 -1.2551 0.4000
-3.5750 -1.2701 0.4000
-3.6061 -1.2939 0.4000
-3.6299 -1.3250 0.4000
-3.6449 -1.3612 0.4000
-3.6500 -1.4000 0.4000
-3.6449 -1.4388 0.4000
-3.6299 -1.4750 0.4000
-3.6061 -1.5061 0.4000
-3.5750 -1.5299 0.4000
-3.5388 -1.5449 0.4000
-3.5000 -1.5500 0.4000
-3.4612 -1.5449 0.4000
-3.4250 -1.5299 0.4000
-3.3939 -1.5061 0.4000
-3.3701 -1.4750 0.4000
-3.3551 -1.4388 0.4000
-3.3500 -1.4000 0.4500
-3.3551 -1.3612 0.4500
-3.3701 -1.3250 0.4500
-3.3939 -1.2939 0.4500
-3.4250 -1.2701 0.4500
-3.4612 -1.2551 0.4500
-3.5000 -1.2500 0.4500
-3.5388 -1.2551 0.4500
-3.5750 -1.2701 0.4500
-3.6061 -1.2939 0.4500
-3.6299 -1.3250 0.4500
-3.6449 -1.3612 0.4500
-3.6500 -1.4000 0.4500
-3.6449 -1.4388 0.4500
-3.6299 -1.4750 0.4500
-3.6061 -1.5061 0.4500
-3.5750 -1.5299 0.4500
-3.5388 -1.5449 0.4500
-3.5000 -1.5500 0.4500
-3.4612 -1.5449 0.4500
-3.4250 -1.5299 0.4500
-3.3939 -1.5061 0.4500
-3.3701 -1.4750 0.4500
-3.3551 -1.4388 0.4500
-3.3500 -1.4000 0.5000
-3.3551 -1.3612 0.5000
-3.3701 -1.3250 0.5000
-3.3939 -1.2939 0.5000
-3.4250 -1.2701 0.5000
-3.4612 -1.2551 0.5000
-3.5000 -1.2500 0.5000
-3.5388 -1.2551 0.5000
-3.5750 -1.2701 0.5000
-3.6061 -1.2939 0.5000
-3.6299 -1.3250 0.5000
-3.6449 -1.3612 0.5000
-3.6500 -1.4000 0.5000
-3.6449 -1.4388 0.5000
-3.6299 -1.4750 0.5000
-3.6061 -1.5061 0.5000
-3.5750 -1.5299 0.5000
-3.5388 -1.5449 0.5000
-3.5000 -1.5500 0.5000
-3.4612 -1.5449 0.5000
-3.4250 -1.5299 0.5000
-3.3939 -1.5061 0.5000
-3.3701 -1.4750 0.5000
-3.3551 -1.4388 0.5000
-3.3500 -1.4000 0.5500
-3.3551 -1.3612 0.5500
-3.3701 -1.3250 0.5500
-3.3939 -1.2939 0.5500
-3.4250 -1.2701 0.5500
-3.4612 -1.2551 0.5500
-3.5000 -1.2500 0.5500
-3.5388 -1.2551 0.5500
-3.5750 -1.2701 0.5500
-3.6061 -1.2939 0.5500
-3.6299 -1.3250 0.5500
-3.6449 -1.3612 0.5500
-3.6500 -1.4000 0.5500
-3.6449 -1.4388 0.5500
-3.6299 -1.4750 0.5500
-3.6061 -1.5061 0.5500
-3.5750 -1.5299 0.5500
-3.5388 -1.5449 0.5500
-3.5000 -1.5500 0.5500
-3.4612 -1.5449 0.5500
-3.4250 -1.5299 0.5500
-3.3939 -1.5061 0.5500
-3.3701 -1.4750 0.5500
-3.3551 -1.4388 0.5500
-3.3500 -1.4000 0.6000
-3.3551 -1.3612 0.6000
-3.3701 -1.3250 0.6000
-3.3939 -1.2939 0.6000
-3.4250 -1.2701 0.6000
-3.4612 -1.2551 0.6000
-3.5000 -1.2500 0.6000
-3.5388 -1.2551 0.6000
-3.5750 -1.2701 0.6000
-3.6061 -1.2939 0.6000
-3.6299 -1.3250 0.6000
-3.6449 -1.3612 0.6000
-3.6500 -1.4000 0.6000
-3.6449 -1.4388 0.6000
-3.6299 -1.4750 0.6000
-3.6061 -1.5061 0.6000
-3.5750 -1.5299 0.6000
-3.5388 -1.5449 0.6000
-3.5000 -1.5500 0.6000
-3.4612 -1.5449 0.6000
-3.4250 -1.5299 0.6000
-3.3939 -1.5061 0.6000
-3.3701 -1.4750 0.6000
-3.3551 -1.4388 0.6000
-3.3500 -1.4000 0.6500
-3.3551 -1.3612 0.6500
-3.3701 -1.3250 0.6500
-3.3939 -1.2939 0.6500
-3.4250 -1.2701 0.6500
-3.4612 -1.2551 0.6500
-3.5000 -1.2500 0.6500
-3.5388 -1.2551 0.6500
-3.5750 -1.2701 0.6500
-3.6061 -1.2939 0.6500
-3.6299 -1.3250 0.6500
-3.6449 -1.3612 0.6500
-3.6500 -1.4000 0.6500
-3.6449 -1.4388 0.6500
-3.6299 -1.4750 0.6500
-3.6061 -1.5061 0.6500
-3.5750 -1.5299 0.6500
-3.5388 -1.5449 0.6500
-3.5000 -1.5500 0.6500
-3.4612 -1.5449 0.6500
-3.4250 -1.5299 0.6500
-3.3939 -1.5061 0.6500
-3.3701 -1.4750 0.6500
-3.3551 -1.4388 0.6500
-3.3500 -1.4000 0.7000
-3.3551 -1.3612 0.7000
-3.3701 -1.3250 0.7000
-3.3939 -1.2939 0.7000
-3.4250 -1.2701 0.7000
-3.4612 -1.2551 0.7000
-3.5000 -1.2500 0.7000
-3.5388 -1.2551 0.7000
-3.5750 -1.2701 0.7000
-3.6061 -1.2939 0.7000
-3.6299 -1.3250 0.7000
-3.6449 -1.3612 0.7000
-3.6500 -1.4000 0.7000
-3.6449 -1.4388 0.7000
-3.6299 -1.4750 0.7000
-3.6061 -1.5061 0.7000
-3.5750 -1.5299 0.7000
-3.5388 -1.5449 0.7000
-3.5000 -1.5500 0.7000
-3.4612 -1.5449 0.7000
-3.4250 -1.5299 0.7000
-3.3939 -1.5061 0.7000
-3.3701 -1.4750 0.7000
-3.3551 -1.4388 0.7000
-3.3500 -1.4000 0.7500
-3.3551 -1.3612 0.7500
-3.3701 -1.3250 0.7500
-3.3939 -1.2939 0.7500
-3.4250 -1.2701 0.7500
-3.4612 -1.2551 0.7500
-3.5000 -1.2500 0.7500
-3.5388 -1.2551 0.7500
-3.5750 -1.2701 0.7500
-3.6061 -1.2939 0.7500
-3.6299 -1.3250 0.7500
-3.6449 -1.3612 0.7500
-3.6500 -1.4000 0.7500
-3.6449 -1.4388 0.7500
-3.6299 -1.4750 0.7500
-3.6061 -1.5061 0.7500
-3.5750 -1.5299 0.7500
-3.5388 -1.5449 0.7500
-3.5000 -1.5500 0.7500
-3.4612 -1.5449 0.7500
-3.4250 -1.5299 0.7500
-3.3939 -1.5061 0.7500
-3.3701 -1.4750 0.7500
-3.3551 -1.4388 0.7500
-3.3500 -1.4000 0.8000
-3.3551 -1.3612 0.8000
-3.3701 -1.3250 0.8000
-3.3939 -1.2939 0.8000
-3.4250 -1.2701 0.8000
-3.4612 -1.2551 0.8000
-3.5000 -1.2500 0.8000
-3.5388 -1.2551 0.8000
-3.5750 -1.2701 0.8000
-3.6061 -1.2939 0.8000
-3.6299 -1.3250 0.8000
-3.6449 -1.3612 0.8000
-3.6500 -1.4000 0.8000
-3.6449 -1.4388 0.8000
-3.6299 -1.4750 0.8000
-3.6061 -1.5061 0.8000
-3.5750 -1.5299 0.8000
-3.5388 -1.5449 0.8000
-3.5000 -1.5500 0.8000
-3.4612 -1.5449 0.8000
-3.4250 -1.5299 0.8000
-3.3939 -1.5061 0.8000
-3.3701 -1.4750 0.8000
-3.3551 -1.4388 0.8000
-3.3500 -1.4000 0.8500
-3.3551 -1.3612 0.8500
-3.3701 -1.3250 0.8500
-3.3939 -1.2939 0.8500
-3.4250 -1.2701 0.8500
-3.4612 -1.2551 0.8500
-3.5000 -1.2500 0.8500
-3.5388 -1.2551 0.8500
-3.5750 -1.2701 0.8500
-3.6061 -1.2939 0.8500
-3.6299 -1.3250 0.8500
-3.6449 -1.3612 0.8500
-3.6500 -1.4000 0.8500
-3.6449 -1.4388 0.8500
-3.6299 -1.4750 0.8500
-3.6061 -1.5061 0.8500
-3.5750 -1.5299 0.8500
-3.5388 -1.5449 0.8500
-3.5000 -1.5500 0.8500
-3.4612 -1.5449 0.8500
-3.4250 -1.5299 0.8500
-3.3939 -1.5061 0.8500
-3.3701 -1.4750 0.8500
-3.3551 -1.4388 0.8500
-3.3500 -1.4000 0.9000
-3.3551 -1.3612 0.9000
-3.3701 -1.3250 0.9000
-3.3939 -1.2939 0.9000
-3.4250 -1.2701 0.9000
-3.4612 -1.2551 0.9000
-3.5000 -1.2500 0.9000
-3.5388 -1.2551 0.9000
-3.5750 -1.2701 0.9000
-3.6061 -1.2939 0.9000
-3.6299 -1.3250 0.9000
-3.6449 -1.3612 0.9000
-3.6500 -1.4000 0.9000
-3.6449 -1.4388 0.9000
-3.6299 -1.4750 0.9000
-3.6061 -1.5061 0.9000
-3.5750 -1.5299 0.9000
-3.5388 -1.5449 0.9000
-3.5000 -1.5500 0.9000
-3.4612 -1.5449 0.9000
-3.4250 -1.5299 0.9000
-3.3939 -1.5061 0.9000
-3.3701 -1.4750 0.9000
-3.3551 -1.4388 0.9000
-3.3500 -1.4000 0.9500
-3.3551 -1.3612 0.9500
-3.3701 -1.3250 0.9500
-3.3939 -1.2939 0.9500
-3.4250 -1.2701 0.9500
-3.4612 -1.2551 0.9500
-3.5000 -1.2500 0.9500
-3.5388 -1.2551 0.9500
-3.5750 -1.2701 0.9500
-3.6061 -1.2939 0.9500
-3.6299 -1.3250 0.9500
-3.6449 -1.3612 0.9500
-3.6500 -1.4000 0.9500
-3.6449 -1.4388 0.9500
-3.6299 -1.4750 0.9500
-3.6061 -1.5061 0.9500
-3.5750 -1.5299 0.9500
-3.5388 -1.5449 0.9500
-3.5000 -1.5500 0.9500
-3.4612 -1.5449 0.9500
-3.4250 -1.5299 0.9500
-3.3939 -1.5061 0.9500
-3.3701 -1.4750 0.9500
-3.3551 -1.4388 0.9500
-3.3500 -1.4000 1.0000
-3.3551 -1.3612 1.0000
-3.3701 -1.3250 1.0000
-3.3939 -1.2939 1.0000
-3.4250 -1.2701 1.0000
-3.4612 -1.2551 1.0000
-3.5000 -1.2500 1.0000
-3.5388 -1.2551 1.0000
-3.5750 -1.2701 1.0000
-3.6061 -1.2939 1.0000
-3.6299 -1.3250 1.0000
-3.6449 -1.3612 1.0000
-3.6500 -1.4000 1.0000
-3.6449 -1.4388 1.0000
-3.6299 -1.4750 1.0000
-3.6061 -1.5061 1.0000
-3.5750 -1.5299 1.0000
-3.5388 -1.5449 1.0000
-3.5000 -1.5500 1.0000
-3.4612 -1.5449 1.0000
-3.4250 -1.5299 1.0000
-3.3939 -1.5061 1.0000
-3.3701 -1.4750 1.0000
-3.3551 -1.4388 1.0000
-3.3500 -1.4000 1.0500
-3.3551 -1.3612 1.0500
-3.3701 -1.3250 1.0500
-3.3939 -1.2939 1.0500
-3.4250 -1.2701 1.0500
-3.4612 -1.2551 1.0500
-3.5000 -1.2500 1.0500
-3.5388 -1.2551 1.0500
-3.5750 -1.2701 1.0500
-3.6061 -1.2939 1.0500
-3.6299 -1.3250 1.0500
-3.6449 -1.3612 1.0500
-3.6500 -1.4000 1.0500
-3.6449 -1.4388 1.0500
-3.6299 -1.4750 1.0500
-3.6061 -1.5061 1.0500
-3.5750 -1.5299 1.0500
-3.5388 -1.5449 1.0500
-3.5000 -1.5500 1.0500
-3.4612 -1.5449 1.0500
-3.4250 -1.5299 1.0500
-3.3939 -1.5061 1.0500
-3.3701 -1.4750 1.0500
-3.3551 -1.4388 1.0500
-3.3500 -1.4000 1.1000
-3.3551 -1.3612 1.1000
-3.3701 -1.3250 1.1000
-3.3939 -1.2939 1.1000
-3.4250 -1.2701 1.1000
-3.4612 -1.2551 1.1000
-3.5000 -1.2500 1.1000
-3.5388 -1.2551 1.1000
-3.5750 -1.2701 1.1000
-3.6061 -1.2939 1.1000
-3.6299 -1.3250 1.1000
-3.6449 -1.3612 1.1000
-3.6500 -1.4000 1.1000
-3.6449 -1.4388 1.1000
-3.6299 -1.4750 1.1000
-3.6061 -1.5061 1.1000
-3.5750 -1.5299 1.1000
-3.5388 -1.5449 1.1000
-3.5000 -1.5500 1.1000
-3.4612 -1.5449 1.1000
-3.4250 -1.5299 1.1000
-3.3939 -1.5061 1.1000
-3.3701 -1.4750 1.1000
-3.3551 -1.4388 1.1000
-3.3500 -1.4000 1.1500
-3.3551 -1.3612 1.1500
-3.3701 -1.3250 1.1500
-3.3939 -1.2939 1.1500
-3.4250 -1.2701 1.1500
-3.4612 -1.2551 1.1500
-3.5000 -1.2500 1.1500
-3.5388 -1.2551 1.1500
-3.5750 -1.2701 1.1500
-3.6061 -1.2939 1.1500
-3.6299 -1.3250 1.1500
-3.6449 -1.3612 1.1500
-3.6500 -1.4000 1.1500
-3.6449 -1.4388 1.1500
-3.6299 -1.4750 1.1500
-3.6061 -1.5061 1.1500
-3.5750 -1.5299 1.1500
-3.5388 -1.5449 1.1500
-3.5000 -1.5500 1.1500
-3.4612 -1.5449 1.1500
-3.4250 -1.5299 1.1500
-3.3939 -1.5061 1.1500
-3.3701 -1.4750 1.1500
-3.3551 -1.4388 1.1500
-3.3500 -1.4000 1.2000
-3.3551 -1.3612 1.2000
-3.3701 -1.3250 1.2000
-3.3939 -1.2939 1.2000
-3.4250 -1.2701 1.2000
-3.4612 -1.2551 1.2000
-3.5000 -1.2500 1.2000
-3.5388 -1.2551 1.2000
-3.5750 -1.2701 1.2000
-3.6061 -1.2939 1.2000
-3.6299 -1.3250 1.2000
-3.6449 -1.3612 1.2000
-3.6500 -1.4000 1.2000
-3.6449 -1.4388 1.2000
-3.6299 -1.4750 1.2000
-3.6061 -1.5061 1.2000
-3.5750 -1.5299 1.2000
-3.5388 -1.5449 1.2000
-3.5000 -1.5500 1.2000
-3.4612 -1.5449 1.2000
-3.4250 -1.5299 1.2000
-3.3939 -1.5061 1.2000
-3.3701 -1.4750 1.2000
-3.3551 -1.4388 1.2000
-3.3500 -1.4000 1.2500
-3.3551 -1.3612 1.2500
-3.3701 -1.3250 1.2500
-3.3939 -1.2939 1.2500
-3.4250 -1.2701 1.2500
-3.4612 -1.2551 1.2500
-3.5000 -1.2500 1.2500
-3.5388 -1.2551 1.2500
-3.5750 -1.2701 1.2500
-3.6061 -1.2939 1.2500
-3.6299 -1.3250 1.2500
-3.6449 -1.3612 1.2500
-3.6500 -1.4000 1.2500
-3.6449 -1.4388 1.2500
-3.6299 -1.4750 1.2500
-3.6061 -1.5061 1.2500
-3.5750 -1.5299 1.2500
-3.5388 -1.5449 1.2500
-3.5000 -1.5500 1.2500
-3.4612 -1.5449 1.2500
-3.4250 -1.5299 1.2500
-3.3939 -1.5061 1.2500
-3.3701 -1.4750 1.2500
-3.3551 -1.4388 1.2500
-3.3500 -1.4000 1.3000
-3.3551 -1.3612 1.3000
-3.3701 -1.3250 1.3000
-3.3939 -1.2939 1.3000
-3.4250 -1.2701 1.3000
-3.4612 -1.2551 1.3000
-3.5000 -1.2500 1.3000
-3.5388 -1.2551 1.3000
-3.5750 -1.2701 1.3000
-3.6061 -1.2939 1.3000
-3.6299 -1.3250 1.3000
-3.6449 -1.3612 1.3000
-3.6500 -1.4000 1.3000
-3.6449 -1.4388 1.3000
-3.6299 -1.4750 1.3000
-3.6061 -1.5061 1.3000
-3.5750 -1.5299 1.3000
-3.5388 -1.5449 1.3000
-3.5000 -1.5500 1.3000
-3.4612 -1.5449 1.3000
-3.4250 -1.5299 1.3000
-3.3939 -1.5061 1.3000
-3.3701 -1.4750 1.3000
-3.3551 -1.4388 1.3000
-3.3500 -1.4000 1.3500
-3.3551 -1.3612 1.3500
-3.3701 -1.3250 1.3500
-3.3939 -1.2939 1.3500
-3.4250 -1.2701 1.3500
-3.4612 -1.2551 1.3500
-3.5000 -1.2500 1.3500
-3.5388 -1.2551 1.3500
-3.5750 -1.2701 1.3500
-3.6061 -1.2939 1.3500
-3.6299 -1.3250 1.3500
-3.6449 -1.3612 1.3500
-3.6500 -1.4000 1.3500
-3.6449 -1.4388 1.3500
-3.6299 -1.4750 1.3500
-3.6061 -1.5061 1.3500
-3.5750 -1.5299 1.3500
-3.5388 -1.5449 1.3500
-3.5000 -1.5500 1.3500
-3.4612 -1.5449 1.3500
-3.4250 -1.5299 1.3500
-3.3939 -1.5061 1.3500
-3.3701 -1.4750 1.3500
-3.3551 -1.4388 1.3500
-3.3500 -1.4000 1.4000
-3.3551 -1.3612 1.4000
-3.3701 -1.3250 1.4000
-3.3939 -1.2939 1.4000
-3.4250 -1.2701 1.4000
-3.4612 -1.2551 1.4000
-3.5000 -1.2500 1.4000
-3.5388 -1.2551 1.4000
-3.5750 -1.2701 1.4000
-3.6061 -1.2939 1.4000
-3.6299 -1.3250 1.4000
-3.6449 -1.3612 1.4000
-3.6500 -1.4000 1.4000
-3.6449 -1.4388 1.4000
-3.6299 -1.4750 1.4000
-3.6061 -1.5061 1.4000
-3.5750 -1.5299 1.4000
-3.5388 -1.5449 1.4000
-3.5000 -1.5500 1.4000
-3.4612 -1.5449 1.4000
-3.4250 -1.5299 1.4000
-3.3939 -1.5061 1.4000
-3.3701 -1.4750 1.4000
-3.3551 -1.4388 1.4000
-3.3500 -1.4000 1.4500
-3.3551 -1.3612 1.4500
-3.3701 -1.3250 1.4500
-3.3939 -1.2939 1.4500
-3.4250 -1.2701 1.4500
-3.4612 -1.2551 1.4500
-3.5000 -1.2500 1.4500
-3.5388 -1.2551 1.4500
-3.5750 -1.2701 1.4500
-3.6061 -1.2939 1.4500
-3.6299 -1.3250 1.4500
-3.6449 -1.3612 1.4500
-3.6500 -1.4000 1.4500
-3.6449 -1.4388 1.4500
-3.6299 -1.4750 1.4500
-3.6061 -1.5061 1.4500
-3.5750 -1.5299 1.4500
-3.5388 -1.5449 1.4500
-3.5000 -1.5500 1.4500
-3.4612 -1.5449 1.4500
-3.4250 -1.5299 1.4500
-3.3939 -1.5061 1.4500
-3.3701 -1.4750 1.4500
-3.3551 -1.4388 1.4500
-3.3500 -1.4000 1.5000
-3.3551 -1.3612 1.5000
-3.3701 -1.3250 1.5000
-3.3939 -1.2939 1.5000
-3.4250 -1.2701 1.5000
-3.4612 -1.2551 1.5000
-3.5000 -1.2500 1.5000
-3.5388 -1.2551 1.5000
-3.5750 -1.2701 1.5000
-3.6061 -1.2939 1.5000
-3.6299 -1.3250 1.5000
-3.6449 -1.3612 1.5000
-3.6500 -1.4000 1.5000
-3.6449 -1.4388 1.5000
-3.6299 -1.4750 1.5000
-3.6061 -1.5061 1.5000
-3.5750 -1.5299 1.5000
-3.5388 -1.5449 1.5000
-3.5000 -1.5500 1.5000
-3.4612 -1.5449 1.5000
-3.4250 -1.5299 1.5000
-3.3939 -1.5061 1.5000
-3.3701 -1.4750 1.5000
-3.3551 -1.4388 1.5000
-3.3500 -1.4000 1.5500
-3.3551 -1.3612 1.5500
-3.3701 -1.3250 1.5500
-3.3939 -1.2939 1.5500
-3.4250 -1.2701 1.5500
-3.4612 -1.2551 1.5500
-3.5000 -1.2500 1.5500
-3.5388 -1.2551 1.5500
-3.5750 -1.2701 1.5500
-3.6061 -1.2939 1.5500
-3.6299 -1.3250 1.5500
-3.6449 -1.3612 1.5500
-3.6500 -1.4000 1.5500
-3.6449 -1.4388 1.5500
-3.6299 -1.4750 1.5500
-3.6061 -1.5061 1.5500
-3.5750 -1.5299 1.5500
-3.5388 -1.5449 1.5500
-3.5000 -1.5500 1.5500
-3.4612 -1.5449 1.5500
-3.4250 -1.5299 1.5500
-3.3939 -1.5061 1.5500
-3.3701 -1.4750 1.5500
-3.3551 -1.4388 1.5500
-3.3500 -1.4000 1.6000
-3.3551 -1.3612 1.6000
-3.3701 -1.3250 1.6000
-3.3939 -1.2939 1.6000
-3.4250 -1.2701 1.6000
-3.4612 -1.2551 1.6000
-3.5000 -1.2500 1.6000
-3.5388 -1.2551 1.6000
-3.5750 -1.2701 1.6000
-3.6061 -1.2939 1.6000
-3.6299 -1.3250 1.6000
-3.6449 -1.3612 1.6000
-3.6500 -1.4000 1.6000
-3.6449 -1.4388 1.6000
-3.6299 -1.4750 1.6000
-3.6061 -1.5061 1.6000
-3.5750 -1.5299 1.6000
-3.5388 -1.5449 1.6000
-3.5000 -1.5500 1.6000
-3.4612 -1.5449 1.6000
-3.4250 -1.5299 1.6000
-3.3939 -1.5061 1.6000
-3.3701 -1.4750 1.6000
-3.3551 -1.4388 1.6000
-3.3500 -1.4000 1.6500
-3.3551 -1.3612 1.6500
-3.3701 -1.3250 1.6500
-3.3939 -1.2939 1.6500
-3.4250 -1.2701 1.6500
-3.4612 -1.2551 1.6500
-3.5000 -1.2500 1.6500
-3.5388 -1.2551 1.6500
-3.5750 -1.2701 1.6500
-3.6061 -1.2939 1.6500
-3.6299 -1.3250 1.6500
-3.6449 -1.3612 1.6500
-3.6500 -1.4000 1.6500
-3.6449 -1.4388 1.6500
-3.6299 -1.4750 1.6500
-3.6061 -1.5061 1.6500
-3.5750 -1.5299 1.6500
-3.5388 -1.5449 1.6500
-3.5000 -1.5500 1.6500
-3.4612 -1.5449 1.6500
-3.4250 -1.5299 1.6500
-3.3939 -1.5061 1.6500
-3.3701 -1.4750 1.6500
-3.3551 -1.4388 1.6500
-3.3500 -1.4000 1.7000
-3.3551 -1.3612 1.7000
-3.3701 -1.3250 1.7000
-3.3939 -1.2939 1.7000
-3.4250 -1.2701 1.7000
-3.4612 -1.2551 1.7000
-3.5000 -1.2500 1.7000
-3.5388 -1.2551 1.7000
-3.5750 -1.2701 1.7000
-3.6061 -1.2939 1.7000
-3.6299 -1.3250 1.7000
-3.6449 -1.3612 1.7000
-3.6500 -1.4000 1.7000
-3.6449 -1.4388 1.7000
-3.6299 -1.4750 1.7000
-3.6061 -1.5061 1.7000
-3.5750 -1.5299 1.7000
-3.5388 -1.5449 1.7000
-3.5000 -1.5500 1.7000
-3.4612 -1.5449 1.7000
-3.4250 -1.5299 1.7000
-3.3939 -1.5061 1.7000
-3.3701 -1.4750 1.7000
-3.3551 -1.4388 1.7000
-3.3500 -1.4000 1.7500
-3.3551 -1.3612 1.7500
-3.3701 -1.3250 1.7500
-3.3939 -1.2939 1.7500
-3.4250 -1.2701 1.7500
-3.4612 -1.2551 1.7500
-3.5000 -1.2500 1.7500
-3.5388 -1.2551 1.7500
-3.5750 -1.2701 1.7500
-3.6061 -1.2939 1.7500
-3.6299 -1.3250 1.7500
-3.6449 -1.3612 1.7500
-3.6500 -1.4000 1.7500
-3.6449 -1.4388 1.7500
-3.6299 -1.4750 1.7500
-3.6061 -1.5061 1.7500
-3.5750 -1.5299 1.7500
-3.5388 -1.5449 1.7500
-3.5000 -1.5500 1.7500
-3.4612 -1.5449 1.7500
-3.4250 -1.5299 1.7500
-3.3939 -1.5061 1.7500
-3.3701 -1.4750 1.7500
-3.3551 -1.4388 1.7500
-3.3500 -1.4000 1.8000
-3.3551 -1.3612 1.8000
-3.3701 -1.3250 1.8000
-3.3939 -1.2939 1.8000
-3.4250 -1.2701 1.8000
-3.4612 -1.2551 1.8000
-3.5000 -1.2500 1.8000
-3.5388 -1.2551 1.8000
-3.5750 -1.2701 1.8000
-3.6061 -1.2939 1.8000
-3.6299 -1.3250 1.8000
-3.6449 -1.3612 1.8000
-3.6500 -1.4000 1.8000
-3.6449 -1.4388 1.8000
-3.6299 -1.4750 1.8000
-3.6061 -1.5061 1.8000
-3.5750 -1.5299 1.8000
-3.5388 -1.5449 1.8000
-3.5000 -1.5500 1.8000
-3.4612 -1.5449 1.8000
-3.4250 -1.5299 1.8000
-3.3939 -1.5061 1.8000
-3.3701 -1.4750 1.8000
-3.3551 -1.4388 1.8000
-3.3500 -1.4000 1.8500
-3.3551 -1.3612 1.8500
-3.3701 -1.3250 1.8500
-3.3939 -1.2939 1.8500
-3.4250 -1.2701 1.8500
-3.4612 -1.2551 1.8500
-3.5000 -1.2500 1.8500
-3.5388 -1.2551 1.8500
-3.5750 -1.2701 1.8500
-3.6061 -1.2939 1.8500
-3.6299 -1.3250 1.8500
-3.6449 -1.3612 1.8500
-3.6500 -1.4000 1.8500
-3.6449 -1.4388 1.8500
-3.6299 -1.4750 1.8500
-3.6061 -1.5061 1.8500
-3.5750 -1.5299 1.8500
-3.5388 -1.5449 1.8500
-3.5000 -1.5500 1.8500
-3.4612 -1.5449 1.8500
-3.4250 -1.5299 1.8500
-3.3939 -1.5061 1.8500
-3.3701 -1.4750 1.8500
-3.3551 -1.4388 1.8500
-3.3500 -1.4000 1.9000
-3.3551 -1.3612 1.9000
-3.3701 -1.3250 1.9000
-3.3939 -1.2939 1.9000
-3.4250 -1.2701 1.9000
-3.4612 -1.2551 1.9000
-3.5000 -1.2500 1.9000
-3.5388 -1.2551 1.9000
-3.5750 -1.2701 1.9000
-3.6061 -1.2939 1.9000
-3.6299 -1.3250 1.9000
-3.6449 -1.3612 1.9000
-3.6500 -1.4000 1.9000
-3.6449 -1.4388 1.9000
-3.6299 -1.4750 1.9000
-3.6061 -1.5061 1.9000
-3.5750 -1.5299 1.9000
-3.5388 -1.5449 1.9000
-3.5000 -1.5500 1.9000
-3.4612 -1.5449 1.9000
-3.4250 -1.5299 1.9000
-3.3939 -1.5061 1.9000
-3.3701 -1.4750 1.9000
-3.3551 -1.4388 1.9000
-3.3500 -1.4000 1.9500
-3.3551 -1.3612 1.9500
-3.3701 -1.3250 1.9500
-3.3939 -1.2939 1.9500
-3.4250 -1.2701 1.9500
-3.4612 -1.2551 1.9500
-3.5000 -1.2500 1.9500
-3.5388 -1.2551 1.9500
-3.5750 -1.2701 1.9500
-3.6061 -1.2939 1.9500
-3.6299 -1.3250 1.9500
-3.6449 -1.3612 1.9500
-3.6500 -1.4000 1.9500
-3.6449 -1.4388 1.9500
-3.6299 -1.4750 1.9500
-3.6061 -1.5061 1.9500
-3.5750 -1.5299 1.9500
-3.5388 -1.5449 1.9500
-3.5000 -1.5500 1.9500
-3.4612 -1.5449 1.9500
-3.4250 -1.5299 1.9500
-3.3939 -1.5061 1.9500
-3.3701 -1.4750 1.9500
-3.3551 -1.4388 1.9500
-3.3500 -1.4000 2.0000
-3.3551 -1.3612 2.0000
-3.3701 -1.3250 2.0000
-3.3939 -1.2939 2.0000
-3.4250 -1.2701 2.0000
-3.4612 -1.2551 2.0000
-3.5000 -1.2500 2.0000
-3.5388 -1.2551 2.0000
-3.5750 -1.2701 2.0000
-3.6061 -1.2939 2.0000
-3.6299 -1.3250 2.0000
-3.6449 -1.3612 2.0000
-3.6500 -1.4000 2.0000
-3.6449 -1.4388 2.0000
-3.6299 -1.4750 2.0000
-3.6061 -1.5061 2.0000
-3.5750 -1.5299 2.0000
-3.5388 -1.5449 2.0000
-3.5000 -1.5500 2.0000
-3.4612 -1.5449 2.0000
-3.4250 -1.5299 2.0000
-3.3939 -1.5061 2.0000
-3.3701 -1.4750 2.0000
-3.3551 -1.4388 2.0000
-3.5000 -1.4000 0.0000
-3.4250 -1.4000 0.0000
-3.4276 -1.3806 0.0000
-3.4350 -1.3625 0.0000
-3.4470 -1.3470 0.0000
-3.4625 -1.3350 0.0000
-3.4806 -1.3276 0.0000
-3.5000 -1.3250 0.0000
-3.5194 -1.3276 0.0000
-3.5375 -1.3350 0.0000
-3.5530 -1.3470 0.0000
-3.5650 -1.3625 0.0000
-3.5724 -1.3806 0.0000
-3.5750 -1.4000 0.0000
-3.5724 -1.4194 0.0000
-3.5650 -1.4375 0.0000
-3.5530 -1.4530 0.0000
-3.5375 -1.4650 0.0000
-3.5194 -1.4724 0.0000
-3.5000 -1.4750 0.0000
-3.4806 -1.4724 0.0000
-3.4625 -1.4650 0.0000
-3.4470 -1.4530 0.0000
-3.4350 -1.4375 0.0000
-3.4276 -1.4194 0.0000
-3.3500 -1.4000 0.0000
-3.3551 -1.3612 0.0000
-3.3701 -1.3250 0.0000
-3.3939 -1.2939 0.0000
-3.4250 -1.2701 0.0000
-3.4612 -1.2551 0.0000
-3.5000 -1.2500 0.0000
-3.5388 -1.2551 0.0000
-3.5750 -1.2701 0.0000
-3.6061 -1.2939 0.0000
-3.6299 -1.3250 0.0000
-3.6449 -1.3612 0.0000
-3.6500 -1.4000 0.0000
-3.6449 -1.4388 0.0000
-3.6299 -1.4750 0.0000
-3.6061 -1.5061 0.0000
-3.5750 -1.5299 0.0000
-3.5388 -1.5449 0.0000
-3.5000 -1.5500 0.0000
-3.4612 -1.5449 0.0000
-3.4250 -1.5299 0.0000
-3.3939 -1.5061 0.0000
-3.3701 -1.4750 0.0000
-3.3551 -1.4388 0.0000
-3.5000 -1.4000 2.0000
-3.4250 -1.4000 2.0000
-3.4276 -1.3806 2.0000
-3.4350 -1.3625 2.0000
-3.4470 -1.3470 2.0000
-3.4625 -1.3350 2.0000
-3.4806 -1.3276 2.0000
-3.5000 -1.3250 2.0000
-3.5194 -1.3276 2.0000
-3.5375 -1.3350 2.0000
-3.5530 -1.3470 2.0000
-3.5650 -1.3625 2.0000
-3.5724 -1.3806 2.0000
-3.5750 -1.4000 2.0000
-3.5724 -1.4194 2.0000
-3.5650 -1.4375 2.0000
-3.5530 -1.4530 2.0000
-3.5375 -1.4650 2.0000
-3.5194 -1.4724 2.0000
-3.5000 -1.4750 2.0000
-3.4806 -1.4724 2.0000
-3.4625 -1.4650 2.0000
-3.4470 -1.4530 2.0000
-3.4350 -1.4375 2.0000
-3.4276 -1.4194 2.0000
-3.3500 -1.4000 2.0000
-3.3551 -1.3612 2.0000
-3.3701 -1.3250 2.0000
-3.3939 -1.2939 2.0000
-3.4250 -1.2701 2.0000
-3.4612 -1.2551 2.0000
-3.5000 -1.2500 2.0000
-3.5388 -1.2551 2.0000
-3.5750 -1.2701 2.0000
-3.6061 -1.2939 2.0000
-3.6299 -1.3250 2.0000
-3.6449 -1.3612 2.0000
-3.6500 -1.4000 2.0000
-3.6449 -1.4388 2.0000
-3.6299 -1.4750 2.0000
-3.6061 -1.5061 2.0000
-3.5750 -1.5299 2.0000
-3.5388 -1.5449 2.0000
-3.5000 -1.5500 2.0000
-3.4612 -1.5449 2.0000
-3.4250 -1.5299 2.0000
-3.3939 -1.5061 2.0000
-3.3701 -1.4750 2.0000
-3.3551 -1.4388 2.0000
-0.5500 -1.1000 0.0000
-0.5551 -1.0612 0.0000
-0.5701 -1.0250 0.0000
-0.5939 -0.9939 0.0000
-0.6250 -0.9701 0.0000
-0.6612 -0.9551 0.0000
-0.7000 -0.9500 0.0000
-0.7388 -0.9551 0.0000
-0.7750 -0.9701 0.0000
-0.8061 -0.9939 0.0000
-0.8299 -1.0250 0.0000
-0.8449 -1.0612 0.0000
-0.8500 -1.1000 0.0000
-0.8449 -1.1388 0.0000
-0.8299 -1.1750 0.0000
-0.8061 -1.2061 0.0000
-0.7750 -1.2299 0.0000
-0.7388 -1.2449 0.0000
-0.7000 -1.2500 0.0000
-0.6612 -1.2449 0.0000
-0.6250 -1.2299 0.0000
-0.5939 -1.2061 0.0000
-0.5701 -1.1750 0.0000
-0.5551 -1.1388 0.0000
-0.5500 -1.1000 0.0500
-0.5551 -1.0612 0.0500
-0.5701 -1.0250 0.0500
-0.5939 -0.9939 0.0500
-0.6250 -0.9701 0.0500
-0.6612 -0.9551 0.0500
-0.7000 -0.9500 0.0500
-0.7388 -0.9551 0.0500
-0.7750 -0.9701 0.0500
-0.8061 -0.9939 0.0500
-0.8299 -1.0250 0.0500
-0.8449 -1.0612 0.0500
-0.8500 -1.1000 0.0500
-0.8449 -1.1388 0.0500
-0.8299 -1.1750 0.0500
-0.8061 -1.2061 0.0500
-0.7750 -1.2299 0.0500
-0.7388 -1.2449 0.0500
-0.7000 -1.2500 0.0500
-0.6612 -1.2449 0.0500
-0.6250 -1.2299 0.0500
-0.5939 -1.2061 0.0500
-0.5701 -1.1750 0.0500
-0.5551 -1.1388 0.0500
-0.5500 -1.1000 0.1000
-0.5551 -1.0612 0.1000
-0.5701 -1.0250 0.1000
-0.5939 -0.9939 0.1000
-0.6250 -0.9701 0.1000
-0.6612 -0.9551 0.1000
-0.7000 -0.9500 0.1000
-0.7388 -0.9551 0.1000
-0.7750 -0.9701 0.1000
-0.8061 -0.9939 0.1000
-0.8299 -1.0250 0.1000
-0.8449 -1.0612 0.1000
-0.8500 -1.1000 0.1000
-0.8449 -1.1388 0.1000
-0.8299 -1.1750 0.1000
-0.8061 -1.2061 0.1000
-0.7750 -1.2299 0.1000
-0.7388 -1.2449 0.1000
-0.7000 -1.2500 0.1000
-0.6612 -1.2449 0.1000
-0.6250 -1.2299 0.1000
-0.5939 -1.2061 0.1000
-0.5701 -1.1750 0.1000
-0.5551 -1.1388 0.1000
-0.5500 -1.1000 0.1500
-0.5551 -1.0612 0.1500
-0.5701 -1.0250 0.1500
-0.5939 -0.9939 0.1500
-0.6250 -0.9701 0.1500
-0.6612 -0.9551 0.1500
-0.7000 -0.9500 0.1500
-0.7388 -0.9551 0.1500
-0.7750 -0.9701 0.1500
-0.8061 -0.9939 0.1500
-0.8299 -1.0250 0.1500
-0.8449 -1.0612 0.1500
-0.8500 -1.1000 0.1500
-0.8449 -1.1388 0.1500
-0.8299 -1.1750 0.1500
-0.8061 -1.2061 0.1500
-0.7750 -1.2299 0.1500
-0.7388 -1.2449 0.1500
-0.7000 -1.2500 0.1500
-0.6612 -1.2449 0.1500
-0.6250 -1.2299 0.1500
-0.5939 -1.2061 0.1500
-0.5701 -1.1750 0.1500
-0.5551 -1.1388 0.1500
-0.5500 -1.1000 0.2000
-0.5551 -1.0612 0.2000
-0.5701 -1.0250 0.2000
-0.5939 -0.9939 0.2000
-0.6250 -0.9701 0.2000
-0.6612 -0.9551 0.2000
-0.7000 -0.9500 0.2000
-0.7388 -0.9551 0.2000
-0.7750 -0.9701 0.2000
-0.8061 -0.9939 0.2000
-0.8299 -1.0250 0.2000
-0.8449 -1.0612 0.2000
-0.8500 -1.1000 0.2000
-0.8449 -1.1388 0.2000
-0.8299 -1.1750 0.2000
-0.8061 -1.2061 0.2000
-0.7750 -1.2299 0.2000
-0.7388 -1.2449 0.2000
-0.7000 -1.2500 0.2000
-0.6612 -1.2449 0.2000
-0.6250 -1.2299 0.2000
-0.5939 -1.2061 0.2000
-0.5701 -1.1750 0.2000
-0.5551 -1.1388 0.2000
-0.5500 -1.1000 0.2500
-0.5551 -1.0612 0.2500
-0.5701 -1.0250 0.2500
-0.5939 -0.9939 0.2500
-0.6250 -0.9701 0.2500
-0.6612 -0.9551 0.2500
-0.7000 -0.9500 0.2500
-0.7388 -0.9551 0.2500
-0.7750 -0.9701 0.2500
-0.8061 -0.9939 0.2500
-0.8299 -1.0250 0.2500
-0.8449 -1.0612 0.2500
-0.8500 -1.1000 0.2500
-0.8449 -1.1388 0.2500
-0.8299 -1.1750 0.2500
-0.8061 -1.2061 0.2500
-0.7750 -1.2299 0.2500
-0.7388 -1.2449 0.2500
-0.7000 -1.2500 0.2500
-0.6612 -1.2449 0.2500
-0.6250 -1.2299 0.2500
-0.5939 -1.2061 0.2500
-0.5701 -1.1750 0.2500
-0.5551 -1.1388 0.2500
-0.5500 -1.1000 0.3000
-0.5551 -1.0612 0.3000
-0.5701 -1.0250 0.3000
-0.5939 -0.9939 0.3000
-0.6250 -0.9701 0.3000
-0.6612 -0.9551 0.3000
-0.7000 -0.9500 0.3000
-0.7388 -0.9551 0.3000
-0.7750 -0.9701 0.3000
-0.8061 -0.9939 0.3000
-0.8299 -1.0250 0.3000
-0.8449 -1.0612 0.3000
-0.8500 -1.1000 0.3000
-0.8449 -1.1388 0.3000
-0.8299 -1.1750 0.3000
-0.8061 -1.2061 0.3000
-0.7750 -1.2299 0.3000
-0.7388 -1.2449 0.3000
-0.7000 -1.2500 0.3000
-0.6612 -1.2449 0.3000
-0.6250 -1.2299 0.3000
-0.5939 -1.2061 0.3000
-0.5701 -1.1750 0.3000
-0.5551 -1.1388 0.3000
-0.5500 -1.1000 0.3500
-0.5551 -1.0612 0.3500
-0.5701 -1.0250 0.3500
-0.5939 -0.9939 0.3500
-0.6250 -0.9701 0.3500
-0.6612 -0.9551 0.3500
-0.7000 -0.9500 0.3500
-0.7388 -0.9551 0.3500
-0.7750 -0.9701 0.3500
-0.8061 -0.9939 0.3500
-0.8299 -1.0250 0.3500
-0.8449 -1.0612 0.3500
-0.8500 -1.1000 0.3500
-0.8449 -1.1388 0.3500
-0.8299 -1.1750 0.3500
-0.8061 -1.2061 0.3500
-0.7750 -1.2299 0.3500
-0.7388 -1.2449 0.3500
-0.7000 -1.2500 0.3500
-0.6612 -1.2449 0.3500
-0.6250 -1.2299 0.3500
-0.5939 -1.2061 0.3500
-0.5701 -1.1750 0.3500
-0.5551 -1.1388 0.3500
-0.5500 -1.1000 0.4000
-0.5551 -1.0612 0.4000
-0.5701 -1.0250 0.4000
-0.5939 -0.9939 0.4000
-0.6250 -0.9701 0.4000
-0.6612 -0.9551 0.4000
-0.7000 -0.9500 0.4000
-0.7388 -0.9551 0.4000
-0.7750 -0.9701 0.4000
-0.8061 -0.9939 0.4000
-0.8299 -1.0250 0.4000
-0.8449 -1.0612 0.4000
-0.8500 -1.1000 0.4000
-0.8449 -1.1388 0.4000
-0.8299 -1.1750 0.4000
-0.8061 -1.2061 0.4000
-0.7750 -1.2299 0.4000
-0.7388 -1.2449 0.4000
-0.7000 -1.2500 0.4000
-0.6612 -1.2449 0.4000
-0.6250 -1.2299 0.4000
-0.5939 -1.2061 0.4000
-0.5701 -1.1750 0.4000
-0.5551 -1.1388 0.4000
-0.5500 -1.1000 0.4500
-0.5551 -1.0612 0.4500
-0.5701 -1.0250 0.4500
-0.5939 -0.9939 0.4500
-0.6250 -0.9701 0.4500
-0.6612 -0.9551 0.4500
-0.7000 -0.9500 0.4500
-0.7388 -0.9551 0.4500
-0.7750 -0.9701 0.4500
-0.8061 -0.9939 0.4500
-0.8299 -1.0250 0.4500
-0.8449 -1.0612 0.4500
-0.8500 -1.1000 0.4500
-0.8449 -1.1388 0.4500
-0.8299 -1.1750 0.4500
-0.8061 -1.2061 0.4500
-0.7750 -1.2299 0.4500
-0.7388 -1.2449 0.4500
-0.7000 -1.2500 0.4500
-0.6612 -1.2449 0.4500
-0.6250 -1.2299 0.4500
-0.5939 -1.2061 0.4500
-0.5701 -1.1750 0.4500
-0.5551 -1.1388 0.4500
-0.5500 -1.1000 0.5000
-0.5551 -1.0612 0.5000
-0.5701 -1.0250 0.5000
-0.5939 -0.9939 0.5000
-0.6250 -0.9701 0.5000
-0.6612 -0.9551 0.5000
-0.7000 -0.9500 0.5000
-0.7388 -0.9551 0.5000
-0.7750 -0.9701 0.5000
-0.8061 -0.9939 0.5000
-0.8299 -1.0250 0.5000
-0.8449 -1.0612 0.5000
-0.8500 -1.1000 0.5000
-0.8449 -1.1388 0.5000
-0.8299 -1.1750 0.5000
-0.8061 -1.2061 0.5000
-0.7750 -1.2299 0.5000
-0.7388 -1.2449 0.5000
-0.7000 -1.2500 0.5000
-0.6612 -1.2449 0.5000
-0.6250 -1.2299 0.5000
-0.5939 -1.2061 0.5000
-0.5701 -1.1750 0.5000
-0.5551 -1.1388 0.5000
-0.5500 -1.1000 0.5500
-0.5551 -1.0612 0.5500
-0.5701 -1.0250 0.5500
-0.5939 -0.9939 0.5500
-0.6250 -0.9701 0.5500
-0.6612 -0.9551 0.5500
-0.7000 -0.9500 0.5500
-0.7388 -0.9551 0.5500
-0.7750 -0.9701 0.5500
-0.8061 -0.9939 0.5500
-0.8299 -1.0250 0.5500
-0.8449 -1.0612 0.5500
-0.8500 -1.1000 0.5500
-0.8449 -1.1388 0.5500
-0.8299 -1.1750 0.5500
-0.8061 -1.2061 0.5500
-0.7750 -1.2299 0.5500
-0.7388 -1.2449 0.5500
-0.7000 -1.2500 0.5500
-0.6612 -1.2449 0.5500
-0.6250 -1.2299 0.5500
-0.5939 -1.2061 0.5500
-0.5701 -1.1750 0.5500
-0.5551 -1.1388 0.5500
-0.5500 -1.1000 0.6000
-0.5551 -1.0612 0.6000
-0.5701 -1.0250 0.6000
-0.5939 -0.9939 0.6000
-0.6250 -0.9701 0.6000
-0.6612 -0.9551 0.6000
-0.7000 -0.9500 0.6000
-0.7388 -0.9551 0.6000
-0.7750 -0.9701 0.6000
-0.8061 -0.9939 0.6000
-0.8299 -1.0250 0.6000
-0.8449 -1.0612 0.6000
-0.8500 -1.1000 0.6000
-0.8449 -1.1388 0.6000
-0.8299 -1.1750 0.6000
-0.8061 -1.2061 0.6000
-0.7750 -1.2299 0.6000
-0.7388 -1.2449 0.6000
-0.7000 -1.2500 0.6000
-0.6612 -1.2449 0.6000
-0.6250 -1.2299 0.6000
-0.5939 -1.2061 0.6000
-0.5701 -1.1750 0.6000
-0.5551 -1.1388 0.6000
-0.5500 -1.1000 0.6500
-0.5551 -1.0612 0.6500
-0.5701 -1.0250 0.6500
-0.5939 -0.9939 0.6500
-0.6250 -0.9701 0.6500
-0.6612 -0.9551 0.6500
-0.7000 -0.9500 0.6500
-0.7388 -0.9551 0.6500
-0.7750 -0.9701 0.6500
-0.8061 -0.9939 0.6500
-0.8299 -1.0250 0.6500
-0.8449 -1.0612 0.6500
-0.8500 -1.1000 0.6500
-0.8449 -1.1388 0.6500
-0.8299 -1.1750 0.6500
-0.8061 -1.2061 0.6500
-0.7750 -1.2299 0.6500
-0.7388 -1.2449 0.6500
-0.7000 -1.2500 0.6500
-0.6612 -1.2449 0.6500
-0.6250 -1.2299 0.6500
-0.5939 -1.2061 0.6500
-0.5701 -1.1750 0.6500
-0.5551 -1.1388 0.6500
-0.5500 -1.1000 0.7000
-0.5551 -1.0612 0.7000
-0.5701 -1.0250 0.7000
-0.5939 -0.9939 0.7000
-0.6250 -0.9701 0.7000
-0.6612 -0.9551 0.7000
-0.7000 -0.9500 0.7000
-0.7388 -0.9551 0.7000
-0.7750 -0.9701 0.7000
-0.8061 -0.9939 0.7000
-0.8299 -1.0250 0.7000
-0.8449 -1.0612 0.7000
-0.8500 -1.1000 0.7000
-0.8449 -1.1388 0.7000
-0.8299 -1.1750 0.7000
-0.8061 -1.2061 0.7000
-0.7750 -1.2299 0.7000
-0.7388 -1.2449 0.7000
-0.7000 -1.2500 0.7000
-0.6612 -1.2449 0.7000
-0.6250 -1.2299 0.7000
-0.5939 -1.2061 0.7000
-0.5701 -1.1750 0.7000
-0.5551 -1.1388 0.7000
-0.5500 -1.1000 0.7500
-0.5551 -1.0612 0.7500
-0.5701 -1.0250 0.7500
-0.5939 -0.9939 0.7500
-0.6250 -0.9701 0.7500
-0.6612 -0.9551 0.7500
-0.7000 -0.9500 0.7500
-0.7388 -0.9551 0.7500
-0.7750 -0.9701 0.7500
-0.8061 -0.9939 0.7500
-0.8299 -1.0250 0.7500
-0.8449 -1.0612 0.7500
-0.8500 -1.1000 0.7500
-0.8449 -1.1388 0.7500
-0.8299 -1.1750 0.7500
-0.8061 -1.2061 0.7500
-0.7750 -1.2299 0.7500
-0.7388 -1.2449 0.7500
-0.7000 -1.2500 0.7500
-0.6612 -1.2449 0.7500
-0.6250 -1.2299 0.7500
-0.5939 -1.2061 0.7500
-0.5701 -1.1750 0.7500
-0.5551 -1.1388 0.7500
-0.5500 -1.1000 0.8000
-0.5551 -1.0612 0.8000
-0.5701 -1.0250 0.8000
-0.5939 -0.9939 0.8000
-0.6250 -0.9701 0.8000
-0.6612 -0.9551 0.8000
-0.7000 -0.9500 0.8000
-0.7388 -0.9551 0.8000
-0.7750 -0.9701 0.8000
-0.8061 -0.9939 0.8000
-0.8299 -1.0250 0.8000
-0.8449 -1.0612 0.8000
-0.8500 -1.1000 0.8000
-0.8449 -1.1388 0.8000
-0.8299 -1.1750 0.8000
-0.8061 -1.2061 0.8000
-0.7750 -1.2299 0.8000
-0.7388 -1.2449 0.8000
-0.7000 -1.2500 0.8000
-0.6612 -1.2449 0.8000
-0.6250 -1.2299 0.8000
-0.5939 -1.2061 0.8000
-0.5701 -1.1750 0.8000
-0.5551 -1.1388 0.8000
-0.5500 -1.1000 0.8500
-0.5551 -1.0612 0.8500
-0.5701 -1.0250 0.8500
-0.5939 -0.9939 0.8500
-0.6250 -0.9701 0.8500
-0.6612 -0.9551 0.8500
-0.7000 -0.9500 0.8500
-0.7388 -0.9551 0.8500
-0.7750 -0.9701 0.8500
-0.8061 -0.9939 0.8500
-0.8299 -1.0250 0.8500
-0.8449 -1.0612 0.8500
-0.8500 -1.1000 0.8500
-0.8449 -1.1388 0.8500
-0.8299 -1.1750 0.8500
-0.8061 -1.2061 0.8500
-0.7750 -1.2299 0.8500
-0.7388 -1.2449 0.8500
-0.7000 -1.2500 0.8500
-0.6612 -1.2449 0.8500
-0.6250 -1.2299 0.8500
-0.5939 -1.2061 0.8500
-0.5701 -1.1750 0.8500
-0.5551 -1.1388 0.8500
-0.5500 -1.1000 0.9000
-0.5551 -1.0612 0.9000
-0.5701 -1.0250 0.9000
-0.5939 -0.9939 0.9000
-0.6250 -0.9701 0.9000
-0.6612 -0.9551 0.9000
-0.7000 -0.9500 0.9000
-0.7388 -0.9551 0.9000
-0.7750 -0.9701 0.9000
-0.8061 -0.9939 0.9000
-0.8299 -1.0250 0.9000
-0.8449 -1.0612 0.9000
-0.8500 -1.1000 0.9000
-0.8449 -1.1388 0.9000
-0.8299 -1.1750 0.9000
-0.8061 -1.2061 0.9000
-0.7750 -1.2299 0.9000
-0.7388 -1.2449 0.9000
-0.7000 -1.2500 0.9000
-0.6612 -1.2449 0.9000
-0.6250 -1.2299 0.9000
-0.5939 -1.2061 0.9000
-0.5701 -1.1750 0.9000
-0.5551 -1.1388 0.9000
-0.5500 -1.1000 0.9500
-0.5551 -1.0612 0.9500
-0.5701 -1.0250 0.9500
-0.5939 -0.9939 0.9500
-0.6250 -0.9701 0.9500
-0.6612 -0.9551 0.9500
-0.7000 -0.9500 0.9500
-0.7388 -0.9551 0.9500
-0.7750 -0.9701 0.9500
-0.8061 -0.9939 0.9500
-0.8299 -1.0250 0.9500
-0.8449 -1.0612 0.9500
-0.8500 -1.1000 0.9500
-0.8449 -1.1388 0.9500
-0.8299 -1.1750 0.9500
-0.8061 -1.2061 0.9500
-0.7750 -1.2299 0.9500
-0.7388 -1.2449 0.9500
-0.7000 -1.2500 0.9500
-0.6612 -1.2449 0.9500
-0.6250 -1.2299 0.9500
-0.5939 -1.2061 0.9500
-0.5701 -1.1750 0.9500
-0.5551 -1.1388 0.9500
-0.5500 -1.1000 1.0000
-0.5551 -1.0612 1.0000
-0.5701 -1.0250 1.0000
-0.5939 -0.9939 1.0000
-0.6250 -0.9701 1.0000
-0.6612 -0.9551 1.0000
-0.7000 -0.9500 1.0000
-0.7388 -0.9551 1.0000
-0.7750 -0.9701 1.0000
-0.8061 -0.9939 1.0000
-0.8299 -1.0250 1.0000
-0.8449 -1.0612 1.0000
-0.8500 -1.1000 1.0000
-0.8449 -1.1388 1.0000
-0.8299 -1.1750 1.0000
-0.8061 -1.2061 1.0000
-0.7750 -1.2299 1.0000
-0.7388 -1.2449 1.0000
-0.7000 -1.2500 1.0000
-0.6612 -1.2449 1.0000
-0.6250 -1.2299 1.0000
-0.5939 -1.2061 1.0000
-0.5701 -1.1750 1.0000
-0.5551 -1.1388 1.0000
-0.5500 -1.1000 1.0500
-0.5551 -1.0612 1.0500
-0.5701 -1.0250 1.0500
-0.5939 -0.9939 1.0500
-0.6250 -0.9701 1.0500
-0.6612 -0.9551 1.0500
-0.7000 -0.9500 1.0500
-0.7388 -0.9551 1.0500
-0.7750 -0.9701 1.0500
-0.8061 -0.9939 1.0500
-0.8299 -1.0250 1.0500
-0.8449 -1.0612 1.0500
-0.8500 -1.1000 1.0500
-0.8449 -1.1388 1.0500
-0.8299 -1.1750 1.0500
-0.8061 -1.2061 1.0500
-0.7750 -1.2299 1.0500
-0.7388 -1.2449 1.0500
-0.7000 -1.2500 1.0500
-0.6612 -1.2449 1.0500
-0.6250 -1.2299 1.0500
-0.5939 -1.2061 1.0500
-0.5701 -1.1750 1.0500
-0.5551 -1.1388 1.0500
-0.5500 -1.1000 1.1000
-0.5551 -1.0612 1.1000
-0.5701 -1.0250 1.1000
-0.5939 -0.9939 1.1000
-0.6250 -0.9701 1.1000
-0.6612 -0.9551 1.1000
-0.7000 -0.9500 1.1000
-0.7388 -0.9551 1.1000
-0.7750 -0.9701 1.1000
-0.8061 -0.9939 1.1000
-0.8299 -1.0250 1.1000
-0.8449 -1.0612 1.1000
-0.8500 -1.1000 1.1000
-0.8449 -1.1388 1.1000
-0.8299 -1.1750 1.1000
-0.8061 -1.2061 1.1000
-0.7750 -1.2299 1.1000
-0.7388 -1.2449 1.1000
-0.7000 -1.2500 1.1000
-0.6612 -1.2449 1.1000
-0.6250 -1.2299 1.1000
-0.5939 -1.2061 1.1000
-0.5701 -1.1750 1.1000
-0.5551 -1.1388 1.1000
-0.5500 -1.1000 1.1500
-0.5551 -1.0612 1.1500
-0.5701 -1.0250 1.1500
-0.5939 -0.9939 1.1500
-0.6250 -0.9701 1.1500
-0.6612 -0.9551 1.1500
-0.7000 -0.9500 1.1500
-0.7388 -0.9551 1.1500
-0.7750 -0.9701 1.1500
-0.8061 -0.9939 1.1500
-0.8299 -1.0250 1.1500
-0.8449 -1.0612 1.1500
-0.8500 -1.1000 1.1500
-0.8449 -1.1388 1.1500
-0.8299 -1.1750 1.1500
-0.8061 -1.2061 1.1500
-0.7750 -1.2299 1.1500
-0.7388 -1.2449 1.1500
-0.7000 -1.2500 1.1500
-0.6612 -1.2449 1.1500
-0.6250 -1.2299 1.1500
-0.5939 -1.2061 1.1500
-0.5701 -1.1750 1.1500
-0.5551 -1.1388 1.1500
-0.5500 -1.1000 1.2000
-0.5551 -1.0612 1.2000
-0.5701 -1.0250 1.2000
-0.5939 -0.9939 1.2000
-0.6250 -0.9701 1.2000
-0.6612 -0.9551 1.2000
-0.7000 -0.9500 1.2000
-0.7388 -0.9551 1.2000
-0.7750 -0.9701 1.2000
-0.8061 -0.9939 1.2000
-0.8299 -1.0250 1.2000
-0.8449 -1.0612 1.2000
-0.8500 -1.1000 1.2000
-0.8449 -1.1388 1.2000
-0.8299 -1.1750 1.2000
-0.8061 -1.2061 1.2000
-0.7750 -1.2299 1.2000
-0.7388 -1.2449 1.2000
-0.7000 -1.2500 1.2000
-0.6612 -1.2449 1.2000
-0.6250 -1.2299 1.2000
-0.5939 -1.2061 1.2000
-0.5701 -1.1750 1.2000
-0.5551 -1.1388 1.2000
-0.5500 -1.1000 1.2500
-0.5551 -1.0612 1.2500
-0.5701 -1.0250 1.2500
-0.5939 -0.9939 1.2500
-0.6250 -0.9701 1.2500
-0.6612 -0.9551 1.2500
-0.7000 -0.9500 1.2500
-0.7388 -0.9551 1.2500
-0.7750 -0.9701 1.2500
-0.8061 -0.9939 1.2500
-0.8299 -1.0250 1.2500
-0.8449 -1.0612 1.2500
-0.8500 -1.1000 1.2500
-0.8449 -1.1388 1.2500
-0.8299 -1.1750 1.2500
-0.8061 -1.2061 1.2500
-0.7750 -1.2299 1.2500
-0.7388 -1.2449 1.2500
-0.7000 -1.2500 1.2500
-0.6612 -1.2449 1.2500
-0.6250 -1.2299 1.2500
-0.5939 -1.2061 1.2500
-0.5701 -1.1750 1.2500
-0.5551 -1.1388 1.2500
-0.5500 -1.1000 1.3000
-0.5551 -1.0612 1.3000
-0.5701 -1.0250 1.3000
-0.5939 -0.9939 1.3000
-0.6250 -0.9701 1.3000
-0.6612 -0.9551 1.3000
-0.7000 -0.9500 1.3000
-0.7388 -0.9551 1.3000
-0.7750 -0.9701 1.3000
-0.8061 -0.9939 1.3000
-0.8299 -1.0250 1.3000
-0.8449 -1.0612 1.3000
-0.8500 -1.1000 1.3000
-0.8449 -1.1388 1.3000
-0.8299 -1.1750 1.3000
-0.8061 -1.2061 1.3000
-0.7750 -1.2299 1.3000
-0.7388 -1.2449 1.3000
-0.7000 -1.2500 1.3000
-0.6612 -1.2449 1.3000
-0.6250 -1.2299 1.3000
-0.5939 -1.2061 1.3000
-0.5701 -1.1750 1.3000
-0.5551 -1.1388 1.3000
-0.5500 -1.1000 1.3500
-0.5551 -1.0612 1.3500
-0.5701 -1.0250 1.3500
-0.5939 -0.9939 1.3500
-0.6250 -0.9701 1.3500
-0.6612 -0.9551 1.3500
-0.7000 -0.9500 1.3500
-0.7388 -0.9551 1.3500
-0.7750 -0.9701 1.3500
-0.8061 -0.9939 1.3500
-0.8299 -1.0250 1.3500
-0.8449 -1.0612 1.3500
-0.8500 -1.1000 1.3500
-0.8449 -1.1388 1.3500
-0.8299 -1.1750 1.3500
-0.8061 -1.2061 1.3500
-0.7750 -1.2299 1.3500
-0.7388 -1.2449 1.3500
-0.7000 -1.2500 1.3500
-0.6612 -1.2449 1.3500
-0.6250 -1.2299 1.3500
-0.5939 -1.2061 1.3500
-0.5701 -1.1750 1.3500
-0.5551 -1.1388 1.3500
-0.5500 -1.1000 1.4000
-0.5551 -1.0612 1.4000
-0.5701 -1.0250 1.4000
-0.5939 -0.9939 1.4000
-0.6250 -0.9701 1.4000
-0.6612 -0.9551 1.4000
-0.7000 -0.9500 1.4000
-0.7388 -0.9551 1.4000
-0.7750 -0.9701 1.4000
-0.8061 -0.9939 1.4000
-0.8299 -1.0250 1.4000
-0.8449 -1.0612 1.4000
-0.8500 -1.1000 1.4000
-0.8449 -1.1388 1.4000
-0.8299 -1.1750 1.4000
-0.8061 -1.2061 1.4000
-0.7750 -1.2299 1.4000
-0.7388 -1.2449 1.4000
-0.7000 -1.2500 1.4000
-0.6612 -1.2449 1.4000
-0.6250 -1.2299 1.4000
-0.5939 -1.2061 1.4000
-0.5701 -1.1750 1.4000
-0.5551 -1.1388 1.4000
-0.5500 -1.1000 1.4500
-0.5551 -1.0612 1.4500
-0.5701 -1.0250 1.4500
-0.5939 -0.9939 1.4500
-0.6250 -0.9701 1.4500
-0.6612 -0.9551 1.4500
-0.7000 -0.9500 1.4500
-0.7388 -0.9551 1.4500
-0.7750 -0.9701 1.4500
-0.8061 -0.9939 1.4500
-0.8299 -1.0250 1.4500
-0.8449 -1.0612 1.4500
-0.8500 -1.1000 1.4500
-0.8449 -1.1388 1.4500
-0.8299 -1.1750 1.4500
-0.8061 -1.2061 1.4500
-0.7750 -1.2299 1.4500
-0.7388 -1.2449 1.4500
-0.7000 -1.2500 1.4500
-0.6612 -1.2449 1.4500
-0.6250 -1.2299 1.4500
-0.5939 -1.2061 1.4500
-0.5701 -1.1750 1.4500
-0.5551 -1.1388 1.4500
-0.5500 -1.1000 1.5000
-0.5551 -1.0612 1.5000
-0.5701 -1.0250 1.5000
-0.5939 -0.9939 1.5000
-0.6250 -0.9701 1.5000
-0.6612 -0.9551 1.5000
-0.7000 -0.9500 1.5000
-0.7388 -0.9551 1.5000
-0.7750 -0.9701 1.5000
-0.8061 -0.9939 1.5000
-0.8299 -1.0250 1.5000
-0.8449 -1.0612 1.5000
-0.8500 -1.1000 1.5000
-0.8449 -1.1388 1.5000
-0.8299 -1.1750 1.5000
-0.8061 -1.2061 1.5000
-0.7750 -1.2299 1.5000
-0.7388 -1.2449 1.5000
-0.7000 -1.2500 1.5000
-0.6612 -1.2449 1.5000
-0.6250 -1.2299 1.5000
-0.5939 -1.2061 1.5000
-0.5701 -1.1750 1.5000
-0.5551 -1.1388 1.5000
-0.5500 -1.1000 1.5500
-0.5551 -1.0612 1.5500
-0.5701 -1.0250 1.5500
-0.5939 -0.9939 1.5500
-0.6250 -0.9701 1.5500
-0.6612 -0.9551 1.5500
-0.7000 -0.9500 1.5500
-0.7388 -0.9551 1.5500
-0.7750 -0.9701 1.5500
-0.8061 -0.9939 1.5500
-0.8299 -1.0250 1.5500
-0.8449 -1.0612 1.5500
-0.8500 -1.1000 1.5500
-0.8449 -1.1388 1.5500
-0.8299 -1.1750 1.5500
-0.8061 -1.2061 1.5500
-0.7750 -1.2299 1.5500
-0.7388 -1.2449 1.5500
-0.7000 -1.2500 1.5500
-0.6612 -1.2449 1.5500
-0.6250 -1.2299 1.5500
-0.5939 -1.2061 1.5500
-0.5701 -1.1750 1.5500
-0.5551 -1.1388 1.5500
-0.5500 -1.1000 1.6000
-0.5551 -1.0612 1.6000
-0.5701 -1.0250 1.6000
-0.5939 -0.9939 1.6000
-0.6250 -0.9701 1.6000
-0.6612 -0.9551 1.6000
-0.7000 -0.9500 1.6000
-0.7388 -0.9551 1.6000
-0.7750 -0.9701 1.6000
-0.8061 -0.9939 1.6000
-0.8299 -1.0250 1.6000
-0.8449 -1.0612 1.6000
-0.8500 -1.1000 1.6000
-0.8449 -1.1388 1.6000
-0.8299 -1.1750 1.6000
-0.8061 -1.2061 1.6000
-0.7750 -1.2299 1.6000
-0.7388 -1.2449 1.6000
-0.7000 -1.2500 1.6000
-0.6612 -1.2449 1.6000
-0.6250 -1.2299 1.6000
-0.5939 -1.2061 1.6000
-0.5701 -1.1750 1.6000
-0.5551 -1.1388 1.6000
-0.5500 -1.1000 1.6500
-0.5551 -1.0612 1.6500
-0.5701 -1.0250 1.6500
-0.5939 -0.9939 1.6500
-0.6250 -0.9701 1.6500
-0.6612 -0.9551 1.6500
-0.7000 -0.9500 1.6500
-0.7388 -0.9551 1.6500
-0.7750 -0.9701 1.6500
-0.8061 -0.9939 1.6500
-0.8299 -1.0250 1.6500
-0.8449 -1.0612 1.6500
-0.8500 -1.1000 1.6500
-0.8449 -1.1388 1.6500
-0.8299 -1.1750 1.6500
-0.8061 -1.2061 1.6500
-0.7750 -1.2299 1.6500
-0.7388 -1.2449 1.6500
-0.7000 -1.2500 1.6500
-0.6612 -1.2449 1.6500
-0.6250 -1.2299 1.6500
-0.5939 -1.2061 1.6500
-0.5701 -1.1750 1.6500
-0.5551 -1.1388 1.6500
-0.5500 -1.1000 1.7000
-0.5551 -1.0612 1.7000
-0.5701 -1.0250 1.7000
-0.5939 -0.9939 1.7000
-0.6250 -0.9701 1.7000
-0.6612 -0.9551 1.7000
-0.7000 -0.9500 1.7000
-0.7388 -0.9551 1.7000
-0.7750 -0.9701 1.7000
-0.8061 -0.9939 1.7000
-0.8299 -1.0250 1.7000
-0.8449 -1.0612 1.7000
-0.8500 -1.1000 1.7000
-0.8449 -1.1388 1.7000
-0.8299 -1.1750 1.7000
-0.8061 -1.2061 1.7000
-0.7750 -1.2299 1.7000
-0.7388 -1.2449 1.7000
-0.7000 -1.2500 1.7000
-0.6612 -1.2449 1.7000
-0.6250 -1.2299 1.7000
-0.5939 -1.2061 1.7000
-0.5701 -1.1750 1.7000
-0.5551 -1.1388 1.7000
-0.5500 -1.1000 1.7500
-0.5551 -1.0612 1.7500
-0.5701 -1.0250 1.7500
-0.5939 -0.9939 1.7500
-0.6250 -0.9701 1.7500
-0.6612 -0.9551 1.7500
-0.7000 -0.9500 1.7500
-0.7388 -0.9551 1.7500
-0.7750 -0.9701 1.7500
-0.8061 -0.9939 1.7500
-0.8299 -1.0250 1.7500
-0.8449 -1.0612 1.7500
-0.8500 -1.1000 1.7500
-0.8449 -1.1388 1.7500
-0.8299 -1.1750 1.7500
-0.8061 -1.2061 1.7500
-0.7750 -1.2299 1.7500
-0.7388 -1.2449 1.7500
-0.7000 -1.2500 1.7500
-0.6612 -1.2449 1.7500
-0.6250 -1.2299 1.7500
-0.5939 -1.2061 1.7500
-0.5701 -1.1750 1.7500
-0.5551 -1.1388 1.7500
-0.5500 -1.1000 1.8000
-0.5551 -1.0612 1.8000
-0.5701 -1.0250 1.8000
-0.5939 -0.9939 1.8000
-0.6250 -0.9701 1.8000
-0.6612 -0.9551 1.8000
-0.7000 -0.9500 1.8000
-0.7388 -0.9551 1.8000
-0.7750 -0.9701 1.8000
-0.8061 -0.9939 1.8000
-0.8299 -1.0250 1.8000
-0.8449 -1.0612 1.8000
-0.8500 -1.1000 1.8000
-0.8449 -1.1388 1.8000
-0.8299 -1.1750 1.8000
-0.8061 -1.2061 1.8000
-0.7750 -1.2299 1.8000
-0.7388 -1.2449 1.8000
-0.7000 -1.2500 1.8000
-0.6612 -1.2449 1.8000
-0.6250 -1.2299 1.8000
-0.5939 -1.2061 1.8000
-0.5701 -1.1750 1.8000
-0.5551 -1.1388 1.8000
-0.5500 -1.1000 1.8500
-0.5551 -1.0612 1.8500
-0.5701 -1.0250 1.8500
-0.5939 -0.9939 1.8500
-0.6250 -0.9701 1.8500
-0.6612 -0.9551 1.8500
-0.7000 -0.9500 1.8500
-0.7388 -0.9551 1.8500
-0.7750 -0.9701 1.8500
-0.8061 -0.9939 1.8500
-0.8299 -1.0250 1.8500
-0.8449 -1.0612 1.8500
-0.8500 -1.1000 1.8500
-0.8449 -1.1388 1.8500
-0.8299 -1.1750 1.8500
-0.8061 -1.2061 1.8500
-0.7750 -1.2299 1.8500
-0.7388 -1.2449 1.8500
-0.7000 -1.2500 1.8500
-0.6612 -1.2449 1.8500
-0.6250 -1.2299 1.8500
-0.5939 -1.2061 1.8500
-0.5701 -1.1750 1.8500
-0.5551 -1.1388 1.8500
-0.5500 -1.1000 1.9000
-0.5551 -1.0612 1.9000
-0.5701 -1.0250 1.9000
-0.5939 -0.9939 1.9000
-0.6250 -0.9701 1.9000
-0.6612 -0.9551 1.9000
-0.7000 -0.9500 1.9000
-0.7388 -0.9551 1.9000
-0.7750 -0.9701 1.9000
-0.8061 -0.9939 1.9000
-0.8299 -1.0250 1.9000
-0.8449 -1.0612 1.9000
-0.8500 -1.1000 1.9000
-0.8449 -1.1388 1.9000
-0.8299 -1.1750 1.9000
-0.8061 -1.2061 1.9000
-0.7750 -1.2299 1.9000
-0.7388 -1.2449 1.9000
-0.7000 -1.2500 1.9000
-0.6612 -1.2449 1.9000
-0.6250 -1.2299 1.9000
-0.5939 -1.2061 1.9000
-0.5701 -1.1750 1.9000
-0.5551 -1.1388 1.9000
-0.5500 -1.1000 1.9500
-0.5551 -1.0612 1.9500
-0.5701 -1.0250 1.9500
-0.5939 -0.9939 1.9500
-0.6250 -0.9701 1.9500
-0.6612 -0.9551 1.9500
-0.7000 -0.9500 1.9500
-0.7388 -0.9551 1.9500
-0.7750 -0.9701 1.9500
-0.8061 -0.9939 1.9500
-0.8299 -1.0250 1.9500
-0.8449 -1.0612 1.9500
-0.8500 -1.1000 1.9500
-0.8449 -1.1388 1.9500
-0.8299 -1.1750 1.9500
-0.8061 -1.2061 1.9500
-0.7750 -1.2299 1.9500
-0.7388 -1.2449 1.9500
-0.7000 -1.2500 1.9500
-0.6612 -1.2449 1.9500
-0.6250 -1.2299 1.9500
-0.5939 -1.2061 1.9500
-0.5701 -1.1750 1.9500
-0.5551 -1.1388 1.9500
-0.5500 -1.1000 2.0000
-0.5551 -1.0612 2.0000
-0.5701 -1.0250 2.0000
-0.5939 -0.9939 2.0000
-0.6250 -0.9701 2.0000
-0.6612 -0.9551 2.0000
-0.7000 -0.9500 2.0000
-0.7388 -0.9551 2.0000
-0.7750 -0.9701 2.0000
-0.8061 -0.9939 2.0000
-0.8299 -1.0250 2.0000
-0.8449 -1.0612 2.0000
-0.8500 -1.1000 2.0000
-0.8449 -1.1388 2.0000
-0.8299 -1.1750 2.0000
-0.8061 -1.2061 2.0000
-0.7750 -1.2299 2.0000
-0.7388 -1.2449 2.0000
-0.7000 -1.2500 2.0000
-0.6612 -1.2449 2.0000
-0.6250 -1.2299 2.0000
-0.5939 -1.2061 2.0000
-0.5701 -1.1750 2.0000
-0.5551 -1.1388 2.0000
-0.7000 -1.1000 0.0000
-0.6250 -1.1000 0.0000
-0.6276 -1.0806 0.0000
-0.6350 -1.0625 0.0000
-0.6470 -1.0470 0.0000
-0.6625 -1.0350 0.0000
-0.6806 -1.0276 0.0000
-0.7000 -1.0250 0.0000
-0.7194 -1.0276 0.0000
-0.7375 -1.0350 0.0000
-0.7530 -1.0470 0.0000
-0.7650 -1.0625 0.0000
-0.7724 -1.0806 0.0000
-0.7750 -1.1000 0.0000
-0.7724 -1.1194 0.0000
-0.7650 -1.1375 0.0000
-0.7530 -1.1530 0.0000
-0.7375 -1.1650 0.0000
-0.7194 -1.1724 0.0000
-0.7000 -1.1750 0.0000
-0.6806 -1.1724 0.0000
-0.6625 -1.1650 0.0000
-0.6470 -1.1530 0.0000
-0.6350 -1.1375 0.0000
-0.6276 -1.1194 0.0000
-0.5500 -1.1000 0.0000
-0.5551 -1.0612 0.0000
-0.5701 -1.0250 0.0000
-0.5939 -0.9939 0.0000
-0.6250 -0.9701 0.0000
-0.6612 -0.9551 0.0000
-0.7000 -0.9500 0.0000
-0.7388 -0.9551 0.0000
-0.7750 -0.9701 0.0000
-0.8061 -0.9939 0.0000
-0.8299 -1.0250 0.0000
-0.8449 -1.0612 0.0000
-0.8500 -1.1000 0.0000
-0.8449 -1.1388 0.0000
-0.8299 -1.1750 0.0000
-0.8061 -1.2061 0.0000
-0.7750 -1.2299 0.0000
-0.7388 -1.2449 0.0000
-0.7000 -1.2500 0.0000
-0.6612 -1.2449 0.0000
-0.6250 -1.2299 0.0000
-0.5939 -1.2061 0.0000
-0.5701 -1.1750 0.0000
-0.5551 -1.1388 0.0000
-0.7000 -1.1000 2.0000
-0.6250 -1.1000 2.0000
-0.6276 -1.0806 2.0000
-0.6350 -1.0625 2.0000
-0.6470 -1.0470 2.0000
-0.6625 -1.0350 2.0000
-0.6806 -1.0276 2.0000
-0.7000 -1.0250 2.0000
-0.7194 -1.0276 2.0000
-0.7375 -1.0350 2.0000
-0.7530 -1.0470 2.0000
-0.7650 -1.0625 2.0000
-0.7724 -1.0806 2.0000
-0.7750 -1.1000 2.0000
-0.7724 -1.1194 2.0000
-0.7650 -1.1375 2.0000
-0.7530 -1.1530 2.0000
-0.7375 -1.1650 2.0000
-0.7194 -1.1724 2.0000
-0.7000 -1.1750 2.0000
-0.6806 -1.1724 2.0000
-0.6625 -1.1650 2.0000
-0.6470 -1.1530 2.0000
-0.6350 -1.1375 2.0000
-0.6276 -1.1194 2.0000
-0.5500 -1.1000 2.0000
-0.5551 -1.0612 2.0000
-0.5701 -1.0250 2.0000
-0.5939 -0.9939 2.0000
-0.6250 -0.9701 2.0000
-0.6612 -0.9551 2.0000
-0.7000 -0.9500 2.0000
-0.7388 -0.9551 2.0000
-0.7750 -0.9701 2.0000
-0.8061 -0.9939 2.0000
-0.8299 -1.0250 2.0000
-0.8449 -1.0612 2.0000
-0.8500 -1.1000 2.0000
-0.8449 -1.1388 2.0000
-0.8299 -1.1750 2.0000
-0.8061 -1.2061 2.0000
-0.7750 -1.2299 2.0000
-0.7388 -1.2449 2.0000
-0.7000 -1.2500 2.0000
-0.6612 -1.2449 2.0000
-0.6250 -1.2299 2.0000
-0.5939 -1.2061 2.0000
-0.5701 -1.1750 2.0000
-0.5551 -1.1388 2.0000
2.6500 -1.3000 0.0000
2.6449 -1.2612 0.0000
2.6299 -1.2250 0.0000
2.6061 -1.1939 0.0000
2.5750 -1.1701 0.0000
2.5388 -1.1551 0.0000
2.5000 -1.1500 0.0000
2.4612 -1.1551 0.0000
2.4250 -1.1701 0.0000
2.3939 -1.1939 0.0000
2.3701 -1.2250 0.0000
2.3551 -1.2612 0.0000
2.3500 -1.3000 0.0000
2.3551 -1.3388 0.0000
2.3701 -1.3750 0.0000
2.3939 -1.4061 0.0000
2.4250 -1.4299 0.0000
2.4612 -1.4449 0.0000
2.5000 -1.4500 0.0000
2.5388 -1.4449 0.0000
2.5750 -1.4299 0.0000
2.6061 -1.4061 0.0000
2.6299 -1.3750 0.0000
2.6449 -1.3388 0.0000
2.6500 -1.3000 0.0500
2.6449 -1.2612 0.0500
2.6299 -1.2250 0.0500
2.6061 -1.1939 0.0500
2.5750 -1.1701 0.0500
2.5388 -1.1551 0.0500
2.5000 -1.1500 0.0500
2.4612 -1.1551 0.0500
2.4250 -1.1701 0.0500
2.3939 -1.1939 0.0500
2.3701 -1.2250 0.0500
2.3551 -1.2612 0.0500
2.3500 -1.3000 0.0500
2.3551 -1.3388 0.0500
2.3701 -1.3750 0.0500
2.3939 -1.4061 0.0500
2.4250 -1.4299 0.0500
2.4612 -1.4449 0.0500
2.5000 -1.4500 0.0500
2.5388 -1.4449 0.0500
2.5750 -1.4299 0.0500
2.6061 -1.4061 0.0500
2.6299 -1.3750 0.0500
2.6449 -1.3388 0.0500
2.6500 -1.3000 0.1000
2.6449 -1.2612 0.1000
2.6299 -1.2250 0.1000
2.6061 -1.1939 0.1000
2.5750 -1.1701 0.1000
2.5388 -1.1551 0.1000
2.5000 -1.1500 0.1000
2.4612 -1.1551 0.1000
2.4250 -1.1701 0.1000
2.3939 -1.1939 0.1000
2.3701 -1.2250 0.1000
2.3551 -1.2612 0.1000
2.3500 -1.3000 0.1000
2.3551 -1.3388 0.1000
2.3701 -1.3750 0.1000
2.3939 -1.4061 0.1000
2.4250 -1.4299 0.1000
2.4612 -1.4449 0.1000
2.5000 -1.4500 0.1000
2.5388 -1.4449 0.1000
2.5750 -1.4299 0.1000
2.6061 -1.4061 0.1000
2.6299 -1.3750 0.1000
2.6449 -1.3388 0.1000
2.6500 -1.3000 0.1500
2.6449 -1.2612 0.1500
2.6299 -1.2250 0.1500
2.6061 -1.1939 0.1500
2.5750 -1.1701 0.1500
2.5388 -1.1551 0.1500
2.5000 -1.1500 0.1500
2.4612 -1.1551 0.1500
2.4250 -1.1701 0.1500
2.3939 -1.1939 0.1500
2.3701 -1.2250 0.1500
2.3551 -1.2612 0.1500
2.3500 -1.3000 0.1500
2.3551 -1.3388 0.1500
2.3701 -1.3750 0.1500
2.3939 -1.4061 0.1500
2.4250 -1.4299 0.1500
2.4612 -1.4449 0.1500
2.5000 -1.4500 0.1500
2.5388 -1.4449 0.1500
2.5750 -1.4299 0.1500
2.6061 -1.4061 0.1500
2.6299 -1.3750 0.1500
2.6449 -1.3388 0.1500
2.6500 -1.3000 0.2000
2.6449 -1.2612 0.2000
2.6299 -1.2250 0.2000
2.6061 -1.1939 0.2000
2.5750 -1.1701 0.2000
2.5388 -1.1551 0.2000
2.5000 -1.1500 0.2000
2.4612 -1.1551 0.2000
2.4250 -1.1701 0.2000
2.3939 -1.1939 0.2000
2.3701 -1.2250 0.2000
2.3551 -1.2612 0.2000
2.3500 -1.3000 0.2000
2.3551 -1.3388 0.2000
2.3701 -1.3750 0.2000
2.3939 -1.4061 0.2000
2.4250 -1.4299 0.2000
2.4612 -1.4449 0.2000
2.5000 -1.4500 0.2000
2.5388 -1.4449 0.2000
2.5750 -1.4299 0.2000
2.6061 -1.4061 0.2000
2.6299 -1.3750 0.2000
2.6449 -1.3388 0.2000
2.6500 -1.3000 0.2500
2.6449 -1.2612 0.2500
2.6299 -1.2250 0.2500
2.6061 -1.1939 0.2500
2.5750 -1.1701 0.2500
2.5388 -1.1551 0.2500
2.5000 -1.1500 0.2500
2.4612 -1.1551 0.2500
2.4250 -1.1701 0.2500
2.3939 -1.1939 0.2500
2.3701 -1.2250 0.2500
2.3551 -1.2612 0.2500
2.3500 -1.3000 0.2500
2.3551 -1.3388 0.2500
2.3701 -1.3750 0.2500
2.3939 -1.4061 0.2500
2.4250 -1.4299 0.2500
2.4612 -1.4449 0.2500
2.5000 -1.4500 0.2500
2.5388 -1.4449 0.2500
2.5750 -1.4299 0.2500
2.6061 -1.4061 0.2500
2.6299 -1.3750 0.2500
2.6449 -1.3388 0.2500
2.6500 -1.3000 0.3000
2.6449 -1.2612 0.3000
2.6299 -1.2250 0.3000
2.6061 -1.1939 0.3000
2.5750 -1.1701 0.3000
2.5388 -1.1551 0.3000
2.5000 -1.1500 0.3000
2.4612 -1.1551 0.3000
2.4250 -1.1701 0.3000
2.3939 -1.1939 0.3000
2.3701 -1.2250 0.3000
2.3551 -1.2612 0.3000
2.3500 -1.3000 0.3000
2.3551 -1.3388 0.3000
2.3701 -1.3750 0.3000
2.3939 -1.4061 0.3000
2.4250 -1.4299 0.3000
2.4612 -1.4449 0.3000
2.5000 -1.4500 0.3000
2.5388 -1.4449 0.3000
2.5750 -1.4299 0.3000
2.6061 -1.4061 0.3000
2.6299 -1.3750 0.3000
2.6449 -1.3388 0.3000
2.6500 -1.3000 0.3500
2.6449 -1.2612 0.3500
2.6299 -1.2250 0.3500
2.6061 -1.1939 0.3500
2.5750 -1.1701 0.3500
2.5388 -1.1551 0.3500
2.5000 -1.1500 0.3500
2.4612 -1.1551 0.3500
2.4250 -1.1701 0.3500
2.3939 -1.1939 0.3500
2.3701 -1.2250 0.3500
2.3551 -1.2612 0.3500
2.3500 -1.3000 0.3500
2.3551 -1.3388 0.3500
2.3701 -1.3750 0.3500
2.3939 -1.4061 0.3500
2.4250 -1.4299 0.3500
2.4612 -1.4449 0.3500
2.5000 -1.4500 0.3500
2.5388 -1.4449 0.3500
2.5750 -1.4299 0.3500
2.6061 -1.4061 0.3500
2.6299 -1.3750 0.3500
2.6449 -1.3388 0.3500
2.6500 -1.3000 0.4000
2.6449 -1.2612 0.4000
2.6299 -1.2250 0.4000
2.6061 -1.1939 0.4000
2.5750 -1.1701 0.4000
2.5388 -1.1551 0.4000
2.5000 -1.1500 0.4000
2.4612 -1.1551 0.4000
2.4250 -1.1701 0.4000
2.3939 -1.1939 0.4000
2.3701 -1.2250 0.4000
2.3551 -1.2612 0.4000
2.3500 -1.3000 0.4000
2.3551 -1.3388 0.4000
2.3701 -1.3750 0.4000
2.3939 -1.4061 0.4000
2.4250 -1.4299 0.4000
2.4612 -1.4449 0.4000
2.5000 -1.4500 0.4000
2.5388 -1.4449 0.4000
2.5750 -1.4299 0.4000
2.6061 -1.4061 0.4000
2.6299 -1.3750 0.4000
2.6449 -1.3388 0.4000
2.6500 -1.3000 0.4500
2.6449 -1.2612 0.4500
2.6299 -1.2250 0.4500
2.6061 -1.1939 0.4500
2.5750 -1.1701 0.4500
2.5388 -1.1551 0.4500
2.5000 -1.1500 0.4500
2.4612 -1.1551 0.4500
2.4250 -1.1701 0.4500
2.3939 -1.1939 0.4500
2.3701 -1.2250 0.4500
2.3551 -1.2612 0.4500
2.3500 -1.3000 0.4500
2.3551 -1.3388 0.4500
2.3701 -1.3750 0.4500
2.3939 -1.4061 0.4500
2.4250 -1.4299 0.4500
2.4612 -1.4449 0.4500
2.5000 -1.4500 0.4500
2.5388 -1.4449 0.4500
2.5750 -1.4299 0.4500
2.6061 -1.4061 0.4500
2.6299 -1.3750 0.4500
2.6449 -1.3388 0.4500
2.6500 -1.3000 0.5000
2.6449 -1.2612 0.5000
2.6299 -1.2250 0.5000
2.6061 -1.1939 0.5000
2.5750 -1.1701 0.5000
2.5388 -1.1551 0.5000
2.5000 -1.1500 0.5000
2.4612 -1.1551 0.5000
2.4250 -1.1701 0.5000
2.3939 -1.1939 0.5000
2.3701 -1.2250 0.5000
2.3551 -1.2612 0.5000
2.3500 -1.3000 0.5000
2.3551 -1.3388 0.5000
2.3701 -1.3750 0.5000
2.3939 -1.4061 0.5000
2.4250 -1.4299 0.5000
2.4612 -1.4449 0.5000
2.5000 -1.4500 0.5000
2.5388 -1.4449 0.5000
2.5750 -1.4299 0.5000
2.6061 -1.4061 0.5000
2.6299 -1.3750 0.5000
2.6449 -1.3388 0.5000
2.6500 -1.3000 0.5500
2.6449 -1.2612 0.5500
2.6299 -1.2250 0.5500
2.6061 -1.1939 0.5500
2.5750 -1.1701 0.5500
2.5388 -1.1551 0.5500
2.5000 -1.1500 0.5500
2.4612 -1.1551 0.5500
2.4250 -1.1701 0.5500
2.3939 -1.1939 0.5500
2.3701 -1.2250 0.5500
2.3551 -1.2612 0.5500
2.3500 -1.3000 0.5500
2.3551 -1.3388 0.5500
2.3701 -1.3750 0.5500
2.3939 -1.4061 0.5500
2.4250 -1.4299 0.5500
2.4612 -1.4449 0.5500
2.5000 -1.4500 0.5500
2.5388 -1.4449 0.5500
2.5750 -1.4299 0.5500
2.6061 -1.4061 0.5500
2.6299 -1.3750 0.5500
2.6449 -1.3388 0.5500
2.6500 -1.3000 0.6000
2.6449 -1.2612 0.6000
2.6299 -1.2250 0.6000
2.6061 -1.1939 0.6000
2.5750 -1.1701 0.6000
2.5388 -1.1551 0.6000
2.5000 -1.1500 0.6000
2.4612 -1.1551 0.6000
2.4250 -1.1701 0.6000
2.3939 -1.1939 0.6000
2.3701 -1.2250 0.6000
2.3551 -1.2612 0.6000
2.3500 -1.3000 0.6000
2.3551 -1.3388 0.6000
2.3701 -1.3750 0.6000
2.3939 -1.4061 0.6000
2.4250 -1.4299 0.6000
2.4612 -1.4449 0.6000
2.5000 -1.4500 0.6000
2.5388 -1.4449 0.6000
2.5750 -1.4299 0.6000
2.6061 -1.4061 0.6000
2.6299 -1.3750 0.6000
2.6449 -1.3388 0.6000
2.6500 -1.3000 0.6500
2.6449 -1.2612 0.6500
2.6299 -1.2250 0.6500
2.6061 -1.1939 0.6500
2.5750 -1.1701 0.6500
2.5388 -1.1551 0.6500
2.5000 -1.1500 0.6500
2.4612 -1.1551 0.6500
2.4250 -1.1701 0.6500
2.3939 -1.1939 0.6500
2.3701 -1.2250 0.6500
2.3551 -1.2612 0.6500
2.3500 -1.3000 0.6500
2.3551 -1.3388 0.6500
2.3701 -1.3750 0.6500
2.3939 -1.4061 0.6500
2.4250 -1.4299 0.6500
2.4612 -1.4449 0.6500
2.5000 -1.4500 0.6500
2.5388 -1.4449 0.6500
2.5750 -1.4299 0.6500
2.6061 -1.4061 0.6500
2.6299 -1.3750 0.6500
2.6449 -1.3388 0.6500
2.6500 -1.3000 0.7000
2.6449 -1.2612 0.7000
2.6299 -1.2250 0.7000
2.6061 -1.1939 0.7000
2.5750 -1.1701 0.7000
2.5388 -1.1551 0.7000
2.5000 -1.1500 0.7000
2.4612 -1.1551 0.7000
2.4250 -1.1701 0.7000
2.3939 -1.1939 0.7000
2.3701 -1.2250 0.7000
2.3551 -1.2612 0.7000
2.3500 -1.3000 0.7000
2.3551 -1.3388 0.7000
2.3701 -1.3750 0.7000
2.3939 -1.4061 0.7000
2.4250 -1.4299 0.7000
2.4612 -1.4449 0.7000
2.5000 -1.4500 0.7000
2.5388 -1.4449 0.7000
2.5750 -1.4299 0.7000
2.6061 -1.4061 0.7000
2.6299 -1.3750 0.7000
2.6449 -1.3388 0.7000
2.6500 -1.3000 0.7500
2.6449 -1.2612 0.7500
2.6299 -1.2250 0.7500
2.6061 -1.1939 0.7500
2.5750 -1.1701 0.7500
2.5388 -1.1551 0.7500
2.5000 -1.1500 0.7500
2.4612 -1.1551 0.7500
2.4250 -1.1701 0.7500
2.3939 -1.1939 0.7500
2.3701 -1.2250 0.7500
2.3551 -1.2612 0.7500
2.3500 -1.3000 0.7500
2.3551 -1.3388 0.7500
2.3701 -1.3750 0.7500
2.3939 -1.4061 0.7500
2.4250 -1.4299 0.7500
2.4612 -1.4449 0.7500
2.5000 -1.4500 0.7500
2.5388 -1.4449 0.7500
2.5750 -1.4299 0.7500
2.6061 -1.4061 0.7500
2.6299 -1.3750 0.7500
2.6449 -1.3388 0.7500
2.6500 -1.3000 0.8000
2.6449 -1.2612 0.8000
2.6299 -1.2250 0.8000
2.6061 -1.1939 0.8000
2.5750 -1.1701 0.8000
2.5388 -1.1551 0.8000
2.5000 -1.1500 0.8000
2.4612 -1.1551 0.8000
2.4250 -1.1701 0.8000
2.3939 -1.1939 0.8000
2.3701 -1.2250 0.8000
2.3551 -1.2612 0.8000
2.3500 -1.3000 0.8000
2.3551 -1.3388 0.8000
2.3701 -1.3750 0.8000
2.3939 -1.4061 0.8000
2.4250 -1.4299 0.8000
2.4612 -1.4449 0.8000
2.5000 -1.4500 0.8000
2.5388 -1.4449 0.8000
2.5750 -1.4299 0.8000
2.6061 -1.4061 0.8000
2.6299 -1.3750 0.8000
2.6449 -1.3388 0.8000
2.6500 -1.3000 0.8500
2.6449 -1.2612 0.8500
2.6299 -1.2250 0.8500
2.6061 -1.1939 0.8500
2.5750 -1.1701 0.8500
2.5388 -1.1551 0.8500
2.5000 -1.1500 0.8500
2.4612 -1.1551 0.8500
2.4250 -1.1701 0.8500
2.3939 -1.1939 0.8500
2.3701 -1.2250 0.8500
2.3551 -1.2612 0.8500
2.3500 -1.3000 0.8500
2.3551 -1.3388 0.8500
2.3701 -1.3750 0.8500
2.3939 -1.4061 0.8500
2.4250 -1.4299 0.8500
2.4612 -1.4449 0.8500
2.5000 -1.4500 0.8500
2.5388 -1.4449 0.8500
2.5750 -1.4299 0.8500
2.6061 -1.4061 0.8500
2.6299 -1.3750 0.8500
2.6449 -1.3388 0.8500
2.6500 -1.3000 0.9000
2.6449 -1.2612 0.9000
2.6299 -1.2250 0.9000
2.6061 -1.1939 0.9000
2.5750 -1.1701 0.9000
2.5388 -1.1551 0.9000
2.5000 -1.1500 0.9000
2.4612 -1.1551 0.9000
2.4250 -1.1701 0.9000
2.3939 -1.1939 0.9000
2.3701 -1.2250 0.9000
2.3551 -1.2612 0.9000
2.3500 -1.3000 0.9000
2.3551 -1.3388 0.9000
2.3701 -1.3750 0.9000
2.3939 -1.4061 0.9000
2.4250 -1.4299 0.9000
2.4612 -1.4449 0.9000
2.5000 -1.4500 0.9000
2.5388 -1.4449 0.9000
2.5750 -1.4299 0.9000
2.6061 -1.4061 0.9000
2.6299 -1.3750 0.9000
2.6449 -1.3388 0.9000
2.6500 -1.3000 0.9500
2.6449 -1.2612 0.9500
2.6299 -1.2250 0.9500
2.6061 -1.1939 0.9500
2.5750 -1.1701 0.9500
2.5388 -1.1551 0.9500
2.5000 -1.1500 0.9500
2.4612 -1.1551 0.9500
2.4250 -1.1701 0.9500
2.3939 -1.1939 0.9500
2.3701 -1.2250 0.9500
2.3551 -1.2612 0.9500
2.3500 -1.3000 0.9500
2.3551 -1.3388 0.9500
2.3701 -1.3750 0.9500
2.3939 -1.4061 0.9500
2.4250 -1.4299 0.9500
2.4612 -1.4449 0.9500
2.5000 -1.4500 0.9500
2.5388 -1.4449 0.9500
2.5750 -1.4299 0.9500
2.6061 -1.4061 0.9500
2.6299 -1.3750 0.9500
2.6449 -1.3388 0.9500
2.6500 -1.3000 1.0000
2.6449 -1.2612 1.0000
2.6299 -1.2250 1.0000
2.6061 -1.1939 1.0000
2.5750 -1.1701 1.0000
2.5388 -1.1551 1.0000
2.5000 -1.1500 1.0000
2.4612 -1.1551 1.0000
2.4250 -1.1701 1.0000
2.3939 -1.1939 1.0000
2.3701 -1.2250 1.0000
2.3551 -1.2612 1.0000
2.3500 -1.3000 1.0000
2.3551 -1.3388 1.0000
2.3701 -1.3750 1.0000
2.3939 -1.4061 1.0000
2.4250 -1.4299 1.0000
2.4612 -1.4449 1.0000
2.5000 -1.4500 1.0000
2.5388 -1.4449 1.0000
2.5750 -1.4299 1.0000
2.6061 -1.4061 1.0000
2.6299 -1.3750 1.0000
2.6449 -1.3388 1.0000
2.6500 -1.3000 1.0500
2.6449 -1.2612 1.0500
2.6299 -1.2250 1.0500
2.6061 -1.1939 1.0500
2.5750 -1.1701 1.0500
2.5388 -1.1551 1.0500
2.5000 -1.1500 1.0500
2.4612 -1.1551 1.0500
2.4250 -1.1701 1.0500
2.3939 -1.1939 1.0500
2.3701 -1.2250 1.0500
2.3551 -1.2612 1.0500
2.3500 -1.3000 1.0500
2.3551 -1.3388 1.0500
2.3701 -1.3750 1.0500
2.3939 -1.4061 1.0500
2.4250 -1.4299 1.0500
2.4612 -1.4449 1.0500
2.5000 -1.4500 1.0500
2.5388 -1.4449 1.0500
2.5750 -1.4299 1.0500
2.6061 -1.4061 1.0500
2.6299 -1.3750 1.0500
2.6449 -1.3388 1.0500
2.6500 -1.3000 1.1000
2.6449 -1.2612 1.1000
2.6299 -1.2250 1.1000
2.6061 -1.1939 1.1000
2.5750 -1.1701 1.1000
2.5388 -1.1551 1.1000
2.5000 -1.1500 1.1000
2.4612 -1.1551 1.1000
2.4250 -1.1701 1.1000
2.3939 -1.1939 1.1000
2.3701 -1.2250 1.1000
2.3551 -1.2612 1.1000
2.3500 -1.3000 1.1000
2.3551 -1.3388 1.1000
2.3701 -1.3750 1.1000
2.3939 -1.4061 1.1000
2.4250 -1.4299 1.1000
2.4612 -1.4449 1.1000
2.5000 -1.4500 1.1000
2.5388 -1.4449 1.1000
2.5750 -1.4299 1.1000
2.6061 -1.4061 1.1000
2.6299 -1.3750 1.1000
2.6449 -1.3388 1.1000
2.6500 -1.3000 1.1500
2.6449 -1.2612 1.1500
2.6299 -1.2250 1.1500
2.6061 -1.1939 1.1500
2.5750 -1.1701 1.1500
2.5388 -1.1551 1.1500
2.5000 -1.1500 1.1500
2.4612 -1.1551 1.1500
2.4250 -1.1701 1.1500
2.3939 -1.1939 1.1500
2.3701 -1.2250 1.1500
2.3551 -1.2612 1.1500
2.3500 -1.3000 1.1500
2.3551 -1.3388 1.1500
2.3701 -1.3750 1.1500
2.3939 -1.4061 1.1500
2.4250 -1.4299 1.1500
2.4612 -1.4449 1.1500
2.5000 -1.4500 1.1500
2.5388 -1.4449 1.1500
2.5750 -1.4299 1.1500
2.6061 -1.4061 1.1500
2.6299 -1.3750 1.1500
2.6449 -1.3388 1.1500
2.6500 -1.3000 1.2000
2.6449 -1.2612 1.2000
2.6299 -1.2250 1.2000
2.6061 -1.1939 1.2000
2.5750 -1.1701 1.2000
2.5388 -1.1551 1.2000
2.5000 -1.1500 1.2000
2.4612 -1.1551 1.2000
2.4250 -1.1701 1.2000
2.3939 -1.1939 1.2000
2.3701 -1.2250 1.2000
2.3551 -1.2612 1.2000
2.3500 -1.3000 1.2000
2.3551 -1.3388 1.2000
2.3701 -1.3750 1.2000
2.3939 -1.4061 1.2000
2.4250 -1.4299 1.2000
2.4612 -1.4449 1.2000
2.5000 -1.4500 1.2000
2.5388 -1.4449 1.2000
2.5750 -1.4299 1.2000
2.6061 -1.4061 1.2000
2.6299 -1.3750 1.2000
2.6449 -1.3388 1.2000
2.6500 -1.3000 1.2500
2.6449 -1.2612 1.2500
2.6299 -1.2250 1.2500
2.6061 -1.1939 1.2500
2.5750 -1.1701 1.2500
2.5388 -1.1551 1.2500
2.5000 -1.1500 1.2500
2.4612 -1.1551 1.2500
2.4250 -1.1701 1.2500
2.3939 -1.1939 1.2500
2.3701 -1.2250 1.2500
2.3551 -1.2612 1.2500
2.3500 -1.3000 1.2500
2.3551 -1.3388 1.2500
2.3701 -1.3750 1.2500
2.3939 -1.4061 1.2500
2.4250 -1.4299 1.2500
2.4612 -1.4449 1.2500
2.5000 -1.4500 1.2500
2.5388 -1.4449 1.2500
2.5750 -1.4299 1.2500
2.6061 -1.4061 1.2500
2.6299 -1.3750 1.2500
2.6449 -1.3388 1.2500
2.6500 -1.3000 1.3000
2.6449 -1.2612 1.3000
2.6299 -1.2250 1.3000
2.6061 -1.1939 1.3000
2.5750 -1.1701 1.3000
2.5388 -1.1551 1.3000
2.5000 -1.1500 1.3000
2.4612 -1.1551 1.3000
2.4250 -1.1701 1.3000
2.3939 -1.1939 1.3000
2.3701 -1.2250 1.3000
2.3551 -1.2612 1.3000
2.3500 -1.3000 1.3000
2.3551 -1.3388 1.3000
2.3701 -1.3750 1.3000
2.3939 -1.4061 1.3000
2.4250 -1.4299 1.3000
2.4612 -1.4449 1.3000
2.5000 -1.4500 1.3000
2.5388 -1.4449 1.3000
2.5750 -1.4299 1.3000
2.6061 -1.4061 1.3000
2.6299 -1.3750 1.3000
2.6449 -1.3388 1.3000
2.6500 -1.3000 1.3500
2.6449 -1.2612 1.3500
2.6299 -1.2250 1.3500
2.6061 -1.1939 1.3500
2.5750 -1.1701 1.3500
2.5388 -1.1551 1.3500
2.5000 -1.1500 1.3500
2.4612 -1.1551 1.3500
2.4250 -1.1701 1.3500
2.3939 -1.1939 1.3500
2.3701 -1.2250 1.3500
2.3551 -1.2612 1.3500
2.3500 -1.3000 1.3500
2.3551 -1.3388 1.3500
2.3701 -1.3750 1.3500
2.3939 -1.4061 1.3500
2.4250 -1.4299 1.3500
2.4612 -1.4449 1.3500
2.5000 -1.4500 1.3500
2.5388 -1.4449 1.3500
2.5750 -1.4299 1.3500
2.6061 -1.4061 1.3500
2.6299 -1.3750 1.3500
2.6449 -1.3388 1.3500
2.6500 -1.3000 1.4000
2.6449 -1.2612 1.4000
2.6299 -1.2250 1.4000
2.6061 -1.1939 1.4000
2.5750 -1.1701 1.4000
2.5388 -1.1551 1.4000
2.5000 -1.1500 1.4000
2.4612 -1.1551 1.4000
2.4250 -1.1701 1.4000
2.3939 -1.1939 1.4000
2.3701 -1.2250 1.4000
2.3551 -1.2612 1.4000
2.3500 -1.3000 1.4000
2.3551 -1.3388 1.4000
2.3701 -1.3750 1.4000
2.3939 -1.4061 1.4000
2.4250 -1.4299 1.4000
2.4612 -1.4449 1.4000
2.5000 -1.4500 1.4000
2.5388 -1.4449 1.4000
2.5750 -1.4299 1.4000
2.6061 -1.4061 1.4000
2.6299 -1.3750 1.4000
2.6449 -1.3388 1.4000
2.6500 -1.3000 1.4500
2.6449 -1.2612 1.4500
2.6299 -1.2250 1.4500
2.6061 -1.1939 1.4500
2.5750 -1.1701 1.4500
2.5388 -1.1551 1.4500
2.5000 -1.1500 1.4500
2.4612 -1.1551 1.4500
2.4250 -1.1701 1.4500
2.3939 -1.1939 1.4500
2.3701 -1.2250 1.4500
2.3551 -1.2612 1.4500
2.3500 -1.3000 1.4500
2.3551 -1.3388 1.4500
2.3701 -1.3750 1.4500
2.3939 -1.4061 1.4500
2.4250 -1.4299 1.4500
2.4612 -1.4449 1.4500
2.5000 -1.4500 1.4500
2.5388 -1.4449 1.4500
2.5750 -1.4299 1.4500
2.6061 -1.4061 1.4500
2.6299 -1.3750 1.4500
2.6449 -1.3388 1.4500
2.6500 -1.3000 1.5000
2.6449 -1.2612 1.5000
2.6299 -1.2250 1.5000
2.6061 -1.1939 1.5000
2.5750 -1.1701 1.5000
2.5388 -1.1551 1.5000
2.5000 -1.1500 1.5000
2.4612 -1.1551 1.5000
2.4250 -1.1701 1.5000
2.3939 -1.1939 1.5000
2.3701 -1.2250 1.5000
2.3551 -1.2612 1.5000
2.3500 -1.3000 1.5000
2.3551 -1.3388 1.5000
2.3701 -1.3750 1.5000
2.3939 -1.4061 1.5000
2.4250 -1.4299 1.5000
2.4612 -1.4449 1.5000
2.5000 -1.4500 1.5000
2.5388 -1.4449 1.5000
2.5750 -1.4299 1.5000
2.6061 -1.4061 1.5000
2.6299 -1.3750 1.5000
2.6449 -1.3388 1.5000
2.6500 -1.3000 1.5500
2.6449 -1.2612 1.5500
2.6299 -1.2250 1.5500
2.6061 -1.1939 1.5500
2.5750 -1.1701 1.5500
2.5388 -1.1551 1.5500
2.5000 -1.1500 1.5500
2.4612 -1.1551 1.5500
2.4250 -1.1701 1.5500
2.3939 -1.1939 1.5500
2.3701 -1.2250 1.5500
2.3551 -1.2612 1.5500
2.3500 -1.3000 1.5500
2.3551 -1.3388 1.5500
2.3701 -1.3750 1.5500
2.3939 -1.4061 1.5500
2.4250 -1.4299 1.5500
2.4612 -1.4449 1.5500
2.5000 -1.4500 1.5500
2.5388 -1.4449 1.5500
2.5750 -1.4299 1.5500
2.6061 -1.4061 1.5500
2.6299 -1.3750 1.5500
2.6449 -1.3388 1.5500
2.6500 -1.3000 1.6000
2.6449 -1.2612 1.6000
2.6299 -1.2250 1.6000
2.6061 -1.1939 1.6000
2.5750 -1.1701 1.6000
2.5388 -1.1551 1.6000
2.5000 -1.1500 1.6000
2.4612 -1.1551 1.6000
2.4250 -1.1701 1.6000
2.3939 -1.1939 1.6000
2.3701 -1.2250 1.6000
2.3551 -1.2612 1.6000
2.3500 -1.3000 1.6000
2.3551 -1.3388 1.6000
2.3701 -1.3750 1.6000
2.3939 -1.4061 1.6000
2.4250 -1.4299 1.6000
2.4612 -1.4449 1.6000
2.5000 -1.4500 1.6000
2.5388 -1.4449 1.6000
2.5750 -1.4299 1.6000
2.6061 -1.4061 1.6000
2.6299 -1.3750 1.6000
2.6449 -1.3388 1.6000
2.6500 -1.3000 1.6500
2.6449 -1.2612 1.6500
2.6299 -1.2250 1.6500
2.6061 -1.1939 1.6500
2.5750 -1.1701 1.6500
2.5388 -1.1551 1.6500
2.5000 -1.1500 1.6500
2.4612 -1.1551 1.6500
2.4250 -1.1701 1.6500
2.3939 -1.1939 1.6500
2.3701 -1.2250 1.6500
2.3551 -1.2612 1.6500
2.3500 -1.3000 1.6500
2.3551 -1.3388 1.6500
2.3701 -1.3750 1.6500
2.3939 -1.4061 1.6500
2.4250 -1.4299 1.6500
2.4612 -1.4449 1.6500
2.5000 -1.4500 1.6500
2.5388 -1.4449 1.6500
2.5750 -1.4299 1.6500
2.6061 -1.4061 1.6500
2.6299 -1.3750 1.6500
2.6449 -1.3388 1.6500
2.6500 -1.3000 1.7000
2.6449 -1.2612 1.7000
2.6299 -1.2250 1.7000
2.6061 -1.1939 1.7000
2.5750 -1.1701 1.7000
2.5388 -1.1551 1.7000
2.5000 -1.1500 1.7000
2.4612 -1.1551 1.7000
2.4250 -1.1701 1.7000
2.3939 -1.1939 1.7000
2.3701 -1.2250 1.7000
2.3551 -1.2612 1.7000
2.3500 -1.3000 1.7000
2.3551 -1.3388 1.7000
2.3701 -1.3750 1.7000
2.3939 -1.4061 1.7000
2.4250 -1.4299 1.7000
2.4612 -1.4449 1.7000
2.5000 -1.4500 1.7000
2.5388 -1.4449 1.7000
2.5750 -1.4299 1.7000
2.6061 -1.4061 1.7000
2.6299 -1.3750 1.7000
2.6449 -1.3388 1.7000
2.6500 -1.3000 1.7500
2.6449 -1.2612 1.7500
2.6299 -1.2250 1.7500
2.6061 -1.1939 1.7500
2.5750 -1.1701 1.7500
2.5388 -1.1551 1.7500
2.5000 -1.1500 1.7500
2.4612 -1.1551 1.7500
2.4250 -1.1701 1.7500
2.3939 -1.1939 1.7500
2.3701 -1.2250 1.7500
2.3551 -1.2612 1.7500
2.3500 -1.3000 1.7500
2.3551 -1.3388 1.7500
2.3701 -1.3750 1.7500
2.3939 -1.4061 1.7500
2.4250 -1.4299 1.7500
2.4612 -1.4449 1.7500
2.5000 -1.4500 1.7500
2.5388 -1.4449 1.7500
2.5750 -1.4299 1.7500
2.6061 -1.4061 1.7500
2.6299 -1.3750 1.7500
2.6449 -1.3388 1.7500
2.6500 -1.3000 1.8000
2.6449 -1.2612 1.8000
2.6299 -1.2250 1.8000
2.6061 -1.1939 1.8000
2.5750 -1.1701 1.8000
2.5388 -1.1551 1.8000
2.5000 -1.1500 1.8000
2.4612 -1.1551 1.8000
2.4250 -1.1701 1.8000
2.3939 -1.1939 1.8000
2.3701 -1.2250 1.8000
2.3551 -1.2612 1.8000
2.3500 -1.3000 1.8000
2.3551 -1.3388 1.8000
2.3701 -1.3750 1.8000
2.3939 -1.4061 1.8000
2.4250 -1.4299 1.8000
2.4612 -1.4449 1.8000
2.5000 -1.4500 1.8000
2.5388 -1.4449 1.8000
2.5750 -1.4299 1.8000
2.6061 -1.4061 1.8000
2.6299 -1.3750 1.8000
2.6449 -1.3388 1.8000
2.6500 -1.3000 1.8500
2.6449 -1.2612 1.8500
2.6299 -1.2250 1.8500
2.6061 -1.1939 1.8500
2.5750 -1.1701 1.8500
2.5388 -1.1551 1.8500
2.5000 -1.1500 1.8500
2.4612 -1.1551 1.8500
2.4250 -1.1701 1.8500
2.3939 -1.1939 1.8500
2.3701 -1.2250 1.8500
2.3551 -1.2612 1.8500
2.3500 -1.3000 1.8500
2.3551 -1.3388 1.8500
2.3701 -1.3750 1.8500
2.3939 -1.4061 1.8500
2.4250 -1.4299 1.8500
2.4612 -1.4449 1.8500
2.5000 -1.4500 1.8500
2.5388 -1.4449 1.8500
2.5750 -1.4299 1.8500
2.6061 -1.4061 1.8500
2.6299 -1.3750 1.8500
2.6449 -1.3388 1.8500
2.6500 -1.3000 1.9000
2.6449 -1.2612 1.9000
2.6299 -1.2250 1.9000
2.6061 -1.1939 1.9000
2.5750 -1.1701 1.9000
2.5388 -1.1551 1.9000
2.5000 -1.1500 1.9000
2.4612 -1.1551 1.9000
2.4250 -1.1701 1.9000
2.3939 -1.1939 1.9000
2.3701 -1.2250 1.9000
2.3551 -1.2612 1.9000
2.3500 -1.3000 1.9000
2.3551 -1.3388 1.9000
2.3701 -1.3750 1.9000
2.3939 -1.4061 1.9000
2.4250 -1.4299 1.9000
2.4612 -1.4449 1.9000
2.5000 -1.4500 1.9000
2.5388 -1.4449 1.9000
2.5750 -1.4299 1.9000
2.6061 -1.4061 1.9000
2.6299 -1.3750 1.9000
2.6449 -1.3388 1.9000
2.6500 -1.3000 1.9500
2.6449 -1.2612 1.9500
2.6299 -1.2250 1.9500
2.6061 -1.1939 1.9500
2.5750 -1.1701 1.9500
2.5388 -1.1551 1.9500
2.5000 -1.1500 1.9500
2.4612 -1.1551 1.9500
2.4250 -1.1701 1.9500
2.3939 -1.1939 1.9500
2.3701 -1.2250 1.9500
2.3551 -1.2612 1.9500
2.3500 -1.3000 1.9500
2.3551 -1.3388 1.9500
2.3701 -1.3750 1.9500
2.3939 -1.4061 1.9500
2.4250 -1.4299 1.9500
2.4612 -1.4449 1.9500
2.5000 -1.4500 1.9500
2.5388 -1.4449 1.9500
2.5750 -1.4299 1.9500
2.6061 -1.4061 1.9500
2.6299 -1.3750 1.9500
2.6449 -1.3388 1.9500
2.6500 -1.3000 2.0000
2.6449 -1.2612 2.0000
2.6299 -1.2250 2.0000
2.6061 -1.1939 2.0000
2.5750 -1.1701 2.0000
2.5388 -1.1551 2.0000
2.5000 -1.1500 2.0000
2.4612 -1.1551 2.0000
2.4250 -1.1701 2.0000
2.3939 -1.1939 2.0000
2.3701 -1.2250 2.0000
2.3551 -1.2612 2.0000
2.3500 -1.3000 2.0000
2.3551 -1.3388 2.0000
2.3701 -1.3750 2.0000
2.3939 -1.4061 2.0000
2.4250 -1.4299 2.0000
2.4612 -1.4449 2.0000
2.5000 -1.4500 2.0000
2.5388 -1.4449 2.0000
2.5750 -1.4299 2.0000
2.6061 -1.4061 2.0000
2.6299 -1.3750 2.0000
2.6449 -1.3388 2.0000
2.5000 -1.3000 0.0000
2.5750 -1.3000 0.0000
2.5724 -1.2806 0.0000
2.5650 -1.2625 0.0000
2.5530 -1.2470 0.0000
2.5375 -1.2350 0.0000
2.5194 -1.2276 0.0000
2.5000 -1.2250 0.0000
2.4806 -1.2276 0.0000
2.4625 -1.2350 0.0000
2.4470 -1.2470 0.0000
2.4350 -1.2625 0.0000
2.4276 -1.2806 0.0000
2.4250 -1.3000 0.0000
2.4276 -1.3194 0.0000
2.4350 -1.3375 0.0000
2.4470 -1.3530 0.0000
2.4625 -1.3650 0.0000
2.4806 -1.3724 0.0000
2.5000 -1.3750 0.0000
2.5194 -1.3724 0.0000
2.5375 -1.3650 0.0000
2.5530 -1.3530 0.0000
2.5650 -1.3375 0.0000
2.5724 -1.3194 0.0000
2.6500 -1.3000 0.0000
2.6449 -1.2612 0.0000
2.6299 -1.2250 0.0000
2.6061 -1.1939 0.0000
2.5750 -1.1701 0.0000
2.5388 -1.1551 0.0000
2.5000 -1.1500 0.0000
2.4612 -1.1551 0.0000
2.4250 -1.1701 0.0000
2.3939 -1.1939 0.0000
2.3701 -1.2250 0.0000
2.3551 -1.2612 0.0000
2.3500 -1.3000 0.0000
2.3551 -1.3388 0.0000
2.3701 -1.3750 0.0000
2.3939 -1.4061 0.0000
2.4250 -1.4299 0.0000
2.4612 -1.4449 0.0000
2.5000 -1.4500 0.0000
2.5388 -1.4449 0.0000
2.5750 -1.4299 0.0000
2.6061 -1.4061 0.0000
2.6299 -1.3750 0.0000
2.6449 -1.3388 0.0000
2.5000 -1.3000 2.0000
2.5750 -1.3000 2.0000
2.5724 -1.2806 2.0000
2.5650 -1.2625 2.0000
2.5530 -1.2470 2.0000
2.5375 -1.2350 2.0000
2.5194 -1.2276 2.0000
2.5000 -1.2250 2.0000
2.4806 -1.2276 2.0000
2.4625 -1.2350 2.0000
2.4470 -1.2470 2.0000
2.4350 -1.2625 2.0000
2.4276 -1.2806 2.0000
2.4250 -1.3000 2.0000
2.4276 -1.3194 2.0000
2.4350 -1.3375 2.0000
2.4470 -1.3530 2.0000
2.4625 -1.3650 2.0000
2.4806 -1.3724 2.0000
2.5000 -1.3750 2.0000
2.5194 -1.3724 2.0000
2.5375 -1.3650 2.0000
2.5530 -1.3530 2.0000
2.5650 -1.3375 2.0000
2.5724 -1.3194 2.0000
2.6500 -1.3000 2.0000
2.6449 -1.2612 2.0000
2.6299 -1.2250 2.0000
2.6061 -1.1939 2.0000
2.5750 -1.1701 2.0000
2.5388 -1.1551 2.0000
2.5000 -1.1500 2.0000
2.4612 -1.1551 2.0000
2.4250 -1.1701 2.0000
2.3939 -1.1939 2.0000
2.3701 -1.2250 2.0000
2.3551 -1.2612 2.0000
2.3500 -1.3000 2.0000
2.3551 -1.3388 2.0000
2.3701 -1.3750 2.0000
2.3939 -1.4061 2.0000
2.4250 -1.4299 2.0000
2.4612 -1.4449 2.0000
2.5000 -1.4500 2.0000
2.5388 -1.4449 2.0000
2.5750 -1.4299 2.0000
2.6061 -1.4061 2.0000
2.6299 -1.3750 2.0000
2.6449 -1.3388 2.0000
-3.9500 2.0000 0.0000
-3.9551 2.0388 0.0000
-3.9701 2.0750 0.0000
-3.9939 2.1061 0.0000
-4.0250 2.1299 0.0000
-4.0612 2.1449 0.0000
-4.1000 2.1500 0.0000
-4.1388 2.1449 0.0000
-4.1750 2.1299 0.0000
-4.2061 2.1061 0.0000
-4.2299 2.0750 0.0000
-4.2449 2.0388 0.0000
-4.2500 2.0000 0.0000
-4.2449 1.9612 0.0000
-4.2299 1.9250 0.0000
-4.2061 1.8939 0.0000
-4.1750 1.8701 0.0000
-4.1388 1.8551 0.0000
-4.1000 1.8500 0.0000
-4.0612 1.8551 0.0000
-4.0250 1.8701 0.0000
-3.9939 1.8939 0.0000
-3.9701 1.9250 0.0000
-3.9551 1.9612 0.0000
-3.9500 2.0000 0.0500
-3.9551 2.0388 0.0500
-3.9701 2.0750 0.0500
-3.9939 2.1061 0.0500
-4.0250 2.1299 0.0500
-4.0612 2.1449 0.0500
-4.1000 2.1500 0.0500
-4.1388 2.1449 0.0500
-4.1750 2.1299 0.0500
-4.2061 2.1061 0.0500
-4.2299 2.0750 0.0500
-4.2449 2.0388 0.0500
-4.2500 2.0000 0.0500
-4.2449 1.9612 0.0500
-4.2299 1.9250 0.0500
-4.2061 1.8939 0.0500
-4.1750 1.8701 0.0500
-4.1388 1.8551 0.0500
-4.1000 1.8500 0.0500
-4.0612 1.8551 0.0500
-4.0250 1.8701 0.0500
-3.9939 1.8939 0.0500
-3.9701 1.9250 0.0500
-3.9551 1.9612 0.0500
-3.9500 2.0000 0.1000
-3.9551 2.0388 0.1000
-3.9701 2.0750 0.1000
-3.9939 2.1061 0.1000
-4.0250 2.1299 0.1000
-4.0612 2.1449 0.1000
-4.1000 2.1500 0.1000
-4.1388 2.1449 0.1000
-4.1750 2.1299 0.1000
-4.2061 2.1061 0.1000
-4.2299 2.0750 0.1000
-4.2449 2.0388 0.1000
-4.2500 2.0000 0.1000
-4.2449 1.9612 0.1000
-4.2299 1.9250 0.1000
-4.2061 1.8939 0.1000
-4.1750 1.8701 0.1000
-4.1388 1.8551 0.1000
-4.1000 1.8500 0.1000
-4.0612 1.8551 0.1000
-4.0250 1.8701 0.1000
-3.9939 1.8939 0.1000
-3.9701 1.9250 0.1000
-3.9551 1.9612 0.1000
-3.9500 2.0000 0.1500
-3.9551 2.0388 0.1500
-3.9701 2.0750 0.1500
-3.9939 2.1061 0.1500
-4.0250 2.1299 0.1500
-4.0612 2.1449 0.1500
-4.1000 2.1500 0.1500
-4.1388 2.1449 0.1500
-4.1750 2.1299 0.1500
-4.2061 2.1061 0.1500
-4.2299 2.0750 0.1500
-4.2449 2.0388 0.1500
-4.2500 2.0000 0.1500
-4.2449 1.9612 0.1500
-4.2299 1.9250 0.1500
-4.2061 1.8939 0.1500
-4.1750 1.8701 0.1500
-4.1388 1.8551 0.1500
-4.1000 1.8500 0.1500
-4.0612 1.8551 0.1500
-4.0250 1.8701 0.1500
-3.9939 1.8939 0.1500
-3.9701 1.9250 0.1500
-3.9551 1.9612 0.1500
-3.9500 2.0000 0.2000
-3.9551 2.0388 0.2000
-3.9701 2.0750 0.2000
-3.9939 2.1061 0.2000
-4.0250 2.1299 0.2000
-4.0612 2.1449 0.2000
-4.1000 2.1500 0.2000
-4.1388 2.1449 0.2000
-4.1750 2.1299 0.2000
-4.2061 2.1061 0.2000
-4.2299 2.0750 0.2000
-4.2449 2.0388 0.2000
-4.2500 2.0000 0.2000
-4.2449 1.9612 0.2000
-4.2299 1.9250 0.2000
-4.2061 1.8939 0.2000
-4.1750 1.8701 0.2000
-4.1388 1.8551 0.2000
-4.1000 1.8500 0.2000
-4.0612 1.8551 0.2000
-4.0250 1.8701 0.2000
-3.9939 1.8939 0.2000
-3.9701 1.9250 0.2000
-3.9551 1.9612 0.2000
-3.9500 2.0000 0.2500
-3.9551 2.0388 0.2500
-3.9701 2.0750 0.2500
-3.9939 2.1061 0.2500
-4.0250 2.1299 0.2500
-4.0612 2.1449 0.2500
-4.1000 2.1500 0.2500
-4.1388 2.1449 0.2500
-4.1750 2.1299 0.2500
-4.2061 2.1061 0.2500
-4.2299 2.0750 0.2500
-4.2449 2.0388 0.2500
-4.2500 2.0000 0.2500
-4.2449 1.9612 0.2500
-4.2299 1.9250 0.2500
-4.2061 1.8939 0.2500
-4.1750 1.8701 0.2500
-4.1388 1.8551 0.2500
-4.1000 1.8500 0.2500
-4.0612 1.8551 0.2500
-4.0250 1.8701 0.2500
-3.9939 1.8939 0.2500
-3.9701 1.9250 0.2500
-3.9551 1.9612 0.2500
-3.9500 2.0000 0.3000
-3.9551 2.0388 0.3000
-3.9701 2.0750 0.3000
-3.9939 2.1061 0.3000
-4.0250 2.1299 0.3000
-4.0612 2.1449 0.3000
-4.1000 2.1500 0.3000
-4.1388 2.1449 0.3000
-4.1750 2.1299 0.3000
-4.2061 2.1061 0.3000
-4.2299 2.0750 0.3000
-4.2449 2.0388 0.3000
-4.2500 2.0000 0.3000
-4.2449 1.9612 0.3000
-4.2299 1.9250 0.3000
-4.2061 1.8939 0.3000
-4.1750 1.8701 0.3000
-4.1388 1.8551 0.3000
-4.1000 1.8500 0.3000
-4.0612 1.8551 0.3000
-4.0250 1.8701 0.3000
-3.9939 1.8939 0.3000
-3.9701 1.9250 0.3000
-3.9551 1.9612 0.3000
-3.9500 2.0000 0.3500
-3.9551 2.0388 0.3500
-3.9701 2.0750 0.3500
-3.9939 2.1061 0.3500
-4.0250 2.1299 0.3500
-4.0612 2.1449 0.3500
-4.1000 2.1500 0.3500
-4.1388 2.1449 0.3500
-4.1750 2.1299 0.3500
-4.2061 2.1061 0.3500
-4.2299 2.0750 0.3500
-4.2449 2.0388 0.3500
-4.2500 2.0000 0.3500
-4.2449 1.9612 0.3500
-4.2299 1.9250 0.3500
-4.2061 1.8939 0.3500
-4.1750 1.8701 0.3500
-4.1388 1.8551 0.3500
-4.1000 1.8500 0.3500
-4.0612 1.8551 0.3500
-4.0250 1.8701 0.3500
-3.9939 1.8939 0.3500
-3.9701 1.9250 0.3500
-3.9551 1.9612 0.3500
-3.9500 2.0000 0.4000
-3.9551 2.0388 0.4000
-3.9701 2.0750 0.4000
-3.9939 2.1061 0.4000
-4.0250 2.1299 0.4000
-4.0612 2.1449 0.4000
-4.1000 2.1500 0.4000
-4.1388 2.1449 0.4000
-4.1750 2.1299 0.4000
-4.2061 2.1061 0.4000
-4.2299 2.0750 0.4000
-4.2449 2.0388 0.4000
-4.2500 2.0000 0.4000
-4.2449 1.9612 0.4000
-4.2299 1.9250 0.4000
-4.2061 1.8939 0.4000
-4.1750 1.8701 0.4000
-4.1388 1.8551 0.4000
-4.1000 1.8500 0.4000
-4.0612 1.8551 0.4000
-4.0250 1.8701 0.4000
-3.9939 1.8939 0.4000
-3.9701 1.9250 0.4000
-3.9551 1.9612 0.4000
-3.9500 2.0000 0.4500
-3.9551 2.0388 0.4500
-3.9701 2.0750 0.4500
-3.9939 2.1061 0.4500
-4.0250 2.1299 0.4500
-4.0612 2.1449 0.4500
-4.1000 2.1500 0.4500
-4.1388 2.1449 0.4500
-4.1750 2.1299 0.4500
-4.2061 2.1061 0.4500
-4.2299 2.0750 0.4500
-4.2449 2.0388 0.4500
-4.2500 2.0000 0.4500
-4.2449 1.9612 0.4500
-4.2299 1.9250 0.4500
-4.2061 1.8939 0.4500
-4.1750 1.8701 0.4500
-4.1388 1.8551 0.4500
-4.1000 1.8500 0.4500
-4.0612 1.8551 0.4500
-4.0250 1.8701 0.4500
-3.9939 1.8939 0.4500
-3.9701 1.9250 0.4500
-3.9551 1.9612 0.4500
-3.9500 2.0000 0.5000
-3.9551 2.0388 0.5000
-3.9701 2.0750 0.5000
-3.9939 2.1061 0.5000
-4.0250 2.1299 0.5000
-4.0612 2.1449 0.5000
-4.1000 2.1500 0.5000
-4.1388 2.1449 0.5000
-4.1750 2.1299 0.5000
-4.2061 2.1061 0.5000
-4.2299 2.0750 0.5000
-4.2449 2.0388 0.5000
-4.2500 2.0000 0.5000
-4.2449 1.9612 0.5000
-4.2299 1.9250 0.5000
-4.2061 1.8939 0.5000
-4.1750 1.8701 0.5000
-4.1388 1.8551 0.5000
-4.1000 1.8500 0.5000
-4.0612 1.8551 0.5000
-4.0250 1.8701 0.5000
-3.9939 1.8939 0.5000
-3.9701 1.9250 0.5000
-3.9551 1.9612 0.5000
-3.9500 2.0000 0.5500
-3.9551 2.0388 0.5500
-3.9701 2.0750 0.5500
-3.9939 2.1061 0.5500
-4.0250 2.1299 0.5500
-4.0612 2.1449 0.5500
-4.1000 2.1500 0.5500
-4.1388 2.1449 0.5500
-4.1750 2.1299 0.5500
-4.2061 2.1061 0.5500
-4.2299 2.0750 0.5500
-4.2449 2.0388 0.5500
-4.2500 2.0000 0.5500
-4.2449 1.9612 0.5500
-4.2299 1.9250 0.5500
-4.2061 1.8939 0.5500
-4.1750 1.8701 0.5500
-4.1388 1.8551 0.5500
-4.1000 1.8500 0.5500
-4.0612 1.8551 0.5500
-4.0250 1.8701 0.5500
-3.9939 1.8939 0.5500
-3.9701 1.9250 0.5500
-3.9551 1.9612 0.5500
-3.9500 2.0000 0.6000
-3.9551 2.0388 0.6000
-3.9701 2.0750 0.6000
-3.9939 2.1061 0.6000
-4.0250 2.1299 0.6000
-4.0612 2.1449 0.6000
-4.1000 2.1500 0.6000
-4.1388 2.1449 0.6000
-4.1750 2.1299 0.6000
-4.2061 2.1061 0.6000
-4.2299 2.0750 0.6000
-4.2449 2.0388 0.6000
-4.2500 2.0000 0.6000
-4.2449 1.9612 0.6000
-4.2299 1.9250 0.6000
-4.2061 1.8939 0.6000
-4.1750 1.8701 0.6000
-4.1388 1.8551 0.6000
-4.1000 1.8500 0.6000
-4.0612 1.8551 0.6000
-4.0250 1.8701 0.6000
-3.9939 1.8939 0.6000
-3.9701 1.9250 0.6000
-3.9551 1.9612 0.6000
-3.9500 2.0000 0.6500
-3.9551 2.0388 0.6500
-3.9701 2.0750 0.6500
-3.9939 2.1061 0.6500
-4.0250 2.1299 0.6500
-4.0612 2.1449 0.6500
-4.1000 2.1500 0.6500
-4.1388 2.1449 0.6500
-4.1750 2.1299 0.6500
-4.2061 2.1061 0.6500
-4.2299 2.0750 0.6500
-4.2449 2.0388 0.6500
-4.2500 2.0000 0.6500
-4.2449 1.9612 0.6500
-4.2299 1.9250 0.6500
-4.2061 1.8939 0.6500
-4.1750 1.8701 0.6500
-4.1388 1.8551 0.6500
-4.1000 1.8500 0.6500
-4.0612 1.8551 0.6500
-4.0250 1.8701 0.6500
-3.9939 1.8939 0.6500
-3.9701 1.9250 0.6500
-3.9551 1.9612 0.6500
-3.9500 2.0000 0.7000
-3.9551 2.0388 0.7000
-3.9701 2.0750 0.7000
-3.9939 2.1061 0.7000
-4.0250 2.1299 0.7000
-4.0612 2.1449 0.7000
-4.1000 2.1500 0.7000
-4.1388 2.1449 0.7000
-4.1750 2.1299 0.7000
-4.2061 2.1061 0.7000
-4.2299 2.0750 0.7000
-4.2449 2.0388 0.7000
-4.2500 2.0000 0.7000
-4.2449 1.9612 0.7000
-4.2299 1.9250 0.7000
-4.2061 1.8939 0.7000
-4.1750 1.8701 0.7000
-4.1388 1.8551 0.7000
-4.1000 1.8500 0.7000
-4.0612 1.8551 0.7000
-4.0250 1.8701 0.7000
-3.9939 1.8939 0.7000
-3.9701 1.9250 0.7000
-3.9551 1.9612 0.7000
-3.9500 2.0000 0.7500
-3.9551 2.0388 0.7500
-3.9701 2.0750 0.7500
-3.9939 2.1061 0.7500
-4.0250 2.1299 0.7500
-4.0612 2.1449 0.7500
-4.1000 2.1500 0.7500
-4.1388 2.1449 0.7500
-4.1750 2.1299 0.7500
-4.2061 2.1061 0.7500
-4.2299 2.0750 0.7500
-4.2449 2.0388 0.7500
-4.2500 2.0000 0.7500
-4.2449 1.9612 0.7500
-4.2299 1.9250 0.7500
-4.2061 1.8939 0.7500
-4.1750 1.8701 0.7500
-4.1388 1.8551 0.7500
-4.1000 1.8500 0.7500
-4.0612 1.8551 0.7500
-4.0250 1.8701 0.7500
-3.9939 1.8939 0.7500
-3.9701 1.9250 0.7500
-3.9551 1.9612 0.7500
-3.9500 2.0000 0.8000
-3.9551 2.0388 0.8000
-3.9701 2.0750 0.8000
-3.9939 2.1061 0.8000
-4.0250 2.1299 0.8000
-4.0612 2.1449 0.8000
-4.1000 2.1500 0.8000
-4.1388 2.1449 0.8000
-4.1750 2.1299 0.8000
-4.2061 2.1061 0.8000
-4.2299 2.0750 0.8000
-4.2449 2.0388 0.8000
-4.2500 2.0000 0.8000
-4.2449 1.9612 0.8000
-4.2299 1.9250 0.8000
-4.2061 1.8939 0.8000
-4.1750 1.8701 0.8000
-4.1388 1.8551 0.8000
-4.1000 1.8500 0.8000
-4.0612 1.8551 0.8000
-4.0250 1.8701 0.8000
-3.9939 1.8939 0.8000
-3.9701 1.9250 0.8000
-3.9551 1.9612 0.8000
-3.9500 2.0000 0.8500
-3.9551 2.0388 0.8500
-3.9701 2.0750 0.8500
-3.9939 2.1061 0.8500
-4.0250 2.1299 0.8500
-4.0612 2.1449 0.8500
-4.1000 2.1500 0.8500
-4.1388 2.1449 0.8500
-4.1750 2.1299 0.8500
-4.2061 2.1061 0.8500
-4.2299 2.0750 0.8500
-4.2449 2.0388 0.8500
-4.2500 2.0000 0.8500
-4.2449 1.9612 0.8500
-4.2299 1.9250 0.8500
-4.2061 1.8939 0.8500
-4.1750 1.8701 0.8500
-4.1388 1.8551 0.8500
-4.1000 1.8500 0.8500
-4.0612 1.8551 0.8500
-4.0250 1.8701 0.8500
-3.9939 1.8939 0.8500
-3.9701 1.9250 0.8500
-3.9551 1.9612 0.8500
-3.9500 2.0000 0.9000
-3.9551 2.0388 0.9000
-3.9701 2.0750 0.9000
-3.9939 2.1061 0.9000
-4.0250 2.1299 0.9000
-4.0612 2.1449 0.9000
-4.1000 2.1500 0.9000
-4.1388 2.1449 0.9000
-4.1750 2.1299 0.9000
-4.2061 2.1061 0.9000
-4.2299 2.0750 0.9000
-4.2449 2.0388 0.9000
-4.2500 2.0000 0.9000
-4.2449 1.9612 0.9000
-4.2299 1.9250 0.9000
-4.2061 1.8939 0.9000
-4.1750 1.8701 0.9000
-4.1388 1.8551 0.9000
-4.1000 1.8500 0.9000
-4.0612 1.8551 0.9000
-4.0250 1.8701 0.9000
-3.9939 1.8939 0.9000
-3.9701 1.9250 0.9000
-3.9551 1.9612 0.9000
-3.9500 2.0000 0.9500
-3.9551 2.0388 0.9500
-3.9701 2.0750 0.9500
-3.9939 2.1061 0.9500
-4.0250 2.1299 0.9500
-4.0612 2.1449 0.9500
-4.1000 2.1500 0.9500
-4.1388 2.1449 0.9500
-4.1750 2.1299 0.9500
-4.2061 2.1061 0.9500
-4.2299 2.0750 0.9500
-4.2449 2.0388 0.9500
-4.2500 2.0000 0.9500
-4.2449 1.9612 0.9500
-4.2299 1.9250 0.9500
-4.2061 1.8939 0.9500
-4.1750 1.8701 0.9500
-4.1388 1.8551 0.9500
-4.1000 1.8500 0.9500
-4.0612 1.8551 0.9500
-4.0250 1.8701 0.9500
-3.9939 1.8939 0.9500
-3.9701 1.9250 0.9500
-3.9551 1.9612 0.9500
-3.9500 2.0000 1.0000
-3.9551 2.0388 1.0000
-3.9701 2.0750 1.0000
-3.9939 2.1061 1.0000
-4.0250 2.1299 1.0000
-4.0612 2.1449 1.0000
-4.1000 2.1500 1.0000
-4.1388 2.1449 1.0000
-4.1750 2.1299 1.0000
-4.2061 2.1061 1.0000
-4.2299 2.0750 1.0000
-4.2449 2.0388 1.0000
-4.2500 2.0000 1.0000
-4.2449 1.9612 1.0000
-4.2299 1.9250 1.0000
-4.2061 1.8939 1.0000
-4.1750 1.8701 1.0000
-4.1388 1.8551 1.0000
-4.1000 1.8500 1.0000
-4.0612 1.8551 1.0000
-4.0250 1.8701 1.0000
-3.9939 1.8939 1.0000
-3.9701 1.9250 1.0000
-3.9551 1.9612 1.0000
-3.9500 2.0000 1.0500
-3.9551 2.0388 1.0500
-3.9701 2.0750 1.0500
-3.9939 2.1061 1.0500
-4.0250 2.1299 1.0500
-4.0612 2.1449 1.0500
-4.1000 2.1500 1.0500
-4.1388 2.1449 1.0500
-4.1750 2.1299 1.0500
-4.2061 2.1061 1.0500
-4.2299 2.0750 1.0500
-4.2449 2.0388 1.0500
-4.2500 2.0000 1.0500
-4.2449 1.9612 1.0500
-4.2299 1.9250 1.0500
-4.2061 1.8939 1.0500
-4.1750 1.8701 1.0500
-4.1388 1.8551 1.0500
-4.1000 1.8500 1.0500
-4.0612 1.8551 1.0500
-4.0250 1.8701 1.0500
-3.9939 1.8939 1.0500
-3.9701 1.9250 1.0500
-3.9551 1.9612 1.0500
-3.9500 2.0000 1.1000
-3.9551 2.0388 1.1000
-3.9701 2.0750 1.1000
-3.9939 2.1061 1.1000
-4.0250 2.1299 1.1000
-4.0612 2.1449 1.1000
-4.1000 2.1500 1.1000
-4.1388 2.1449 1.1000
-4.1750 2.1299 1.1000
-4.2061 2.1061 1.1000
-4.2299 2.0750 1.1000
-4.2449 2.0388 1.1000
-4.2500 2.0000 1.1000
-4.2449 1.9612 1.1000
-4.2299 1.9250 1.1000
-4.2061 1.8939 1.1000
-4.1750 1.8701 1.1000
-4.1388 1.8551 1.1000
-4.1000 1.8500 1.1000
-4.0612 1.8551 1.1000
-4.0250 1.8701 1.1000
-3.9939 1.8939 1.1000
-3.9701 1.9250 1.1000
-3.9551 1.9612 1.1000
-3.9500 2.0000 1.1500
-3.9551 2.0388 1.1500
-3.9701 2.0750 1.1500
-3.9939 2.1061 1.1500
-4.0250 2.1299 1.1500
-4.0612 2.1449 1.1500
-4.1000 2.1500 1.1500
-4.1388 2.1449 1.1500
-4.1750 2.1299 1.1500
-4.2061 2.1061 1.1500
-4.2299 2.0750 1.1500
-4.2449 2.0388 1.1500
-4.2500 2.0000 1.1500
-4.2449 1.9612 1.1500
-4.2299 1.9250 1.1500
-4.2061 1.8939 1.1500
-4.1750 1.8701 1.1500
-4.1388 1.8551 1.1500
-4.1000 1.8500 1.1500
-4.0612 1.8551 1.1500
-4.0250 1.8701 1.1500
-3.9939 1.8939 1.1500
-3.9701 1.9250 1.1500
-3.9551 1.9612 1.1500
-3.9500 2.0000 1.2000
-3.9551 2.0388 1.2000
-3.9701 2.0750 1.2000
-3.9939 2.1061 1.2000
-4.0250 2.1299 1.2000
-4.0612 2.1449 1.2000
-4.1000 2.1500 1.2000
-4.1388 2.1449 1.2000
-4.1750 2.1299 1.2000
-4.2061 2.1061 1.2000
-4.2299 2.0750 1.2000
-4.2449 2.0388 1.2000
-4.2500 2.0000 1.2000
-4.2449 1.9612 1.2000
-4.2299 1.9250 1.2000
-4.2061 1.8939 1.2000
-4.1750 1.8701 1.2000
-4.1388 1.8551 1.2000
-4.1000 1.8500 1.2000
-4.0612 1.8551 1.2000
-4.0250 1.8701 1.2000
-3.9939 1.8939 1.2000
-3.9701 1.9250 1.2000
-3.9551 1.9612 1.2000
-3.9500 2.0000 1.2500
-3.9551 2.0388 1.2500
-3.9701 2.0750 1.2500
-3.9939 2.1061 1.2500
-4.0250 2.1299 1.2500
-4.0612 2.1449 1.2500
-4.1000 2.1500 1.2500
-4.1388 2.1449 1.2500
-4.1750 2.1299 1.2500
-4.2061 2.1061 1.2500
-4.2299 2.0750 1.2500
-4.2449 2.0388 1.2500
-4.2500 2.0000 1.2500
-4.2449 1.9612 1.2500
-4.2299 1.9250 1.2500
-4.2061 1.8939 1.2500
-4.1750 1.8701 1.2500
-4.1388 1.8551 1.2500
-4.1000 1.8500 1.2500
-4.0612 1.8551 1.2500
-4.0250 1.8701 1.2500
-3.9939 1.8939 1.2500
-3.9701 1.9250 1.2500
-3.9551 1.9612 1.2500
-3.9500 2.0000 1.3000
-3.9551 2.0388 1.3000
-3.9701 2.0750 1.3000
-3.9939 2.1061 1.3000
-4.0250 2.1299 1.3000
-4.0612 2.1449 1.3000
-4.1000 2.1500 1.3000
-4.1388 2.1449 1.3000
-4.1750 2.1299 1.3000
-4.2061 2.1061 1.3000
-4.2299 2.0750 1.3000
-4.2449 2.0388 1.3000
-4.2500 2.0000 1.3000
-4.2449 1.9612 1.3000
-4.2299 1.9250 1.3000
-4.2061 1.8939 1.3000
-4.1750 1.8701 1.3000
-4.1388 1.8551 1.3000
-4.1000 1.8500 1.3000
-4.0612 1.8551 1.3000
-4.0250 1.8701 1.3000
-3.9939 1.8939 1.3000
-3.9701 1.9250 1.3000
-3.9551 1.9612 1.3000
-3.9500 2.0000 1.3500
-3.9551 2.0388 1.3500
-3.9701 2.0750 1.3500
-3.9939 2.1061 1.3500
-4.0250 2.1299 1.3500
-4.0612 2.1449 1.3500
-4.1000 2.1500 1.3500
-4.1388 2.1449 1.3500
-4.1750 2.1299 1.3500
-4.2061 2.1061 1.3500
-4.2299 2.0750 1.3500
-4.2449 2.0388 1.3500
-4.2500 2.0000 1.3500
-4.2449 1.9612 1.3500
-4.2299 1.9250 1.3500
-4.2061 1.8939 1.3500
-4.1750 1.8701 1.3500
-4.1388 1.8551 1.3500
-4.1000 1.8500 1.3500
-4.0612 1.8551 1.3500
-4.0250 1.8701 1.3500
-3.9939 1.8939 1.3500
-3.9701 1.9250 1.3500
-3.9551 1.9612 1.3500
-3.9500 2.0000 1.4000
-3.9551 2.0388 1.4000
-3.9701 2.0750 1.4000
-3.9939 2.1061 1.4000
-4.0250 2.1299 1.4000
-4.0612 2.1449 1.4000
-4.1000 2.1500 1.4000
-4.1388 2.1449 1.4000
-4.1750 2.1299 1.4000
-4.2061 2.1061 1.4000
-4.2299 2.0750 1.4000
-4.2449 2.0388 1.4000
-4.2500 2.0000 1.4000
-4.2449 1.9612 1.4000
-4.2299 1.9250 1.4000
-4.2061 1.8939 1.4000
-4.1750 1.8701 1.4000
-4.1388 1.8551 1.4000
-4.1000 1.8500 1.4000
-4.0612 1.8551 1.4000
-4.0250 1.8701 1.4000
-3.9939 1.8939 1.4000
-3.9701 1.9250 1.4000
-3.9551 1.9612 1.4000
-3.9500 2.0000 1.4500
-3.9551 2.0388 1.4500
-3.9701 2.0750 1.4500
-3.9939 2.1061 1.4500
-4.0250 2.1299 1.4500
-4.0612 2.1449 1.4500
-4.1000 2.1500 1.4500
-4.1388 2.1449 1.4500
-4.1750 2.1299 1.4500
-4.2061 2.1061 1.4500
-4.2299 2.0750 1.4500
-4.2449 2.0388 1.4500
-4.2500 2.0000 1.4500
-4.2449 1.9612 1.4500
-4.2299 1.9250 1.4500
-4.2061 1.8939 1.4500
-4.1750 1.8701 1.4500
-4.1388 1.8551 1.4500
-4.1000 1.8500 1.4500
-4.0612 1.8551 1.4500
-4.0250 1.8701 1.4500
-3.9939 1.8939 1.4500
-3.9701 1.9250 1.4500
-3.9551 1.9612 1.4500
-3.9500 2.0000 1.5000
-3.9551 2.0388 1.5000
-3.9701 2.0750 1.5000
-3.9939 2.1061 1.5000
-4.0250 2.1299 1.5000
-4.0612 2.1449 1.5000
-4.1000 2.1500 1.5000
-4.1388 2.1449 1.5000
-4.1750 2.1299 1.5000
-4.2061 2.1061 1.5000
-4.2299 2.0750 1.5000
-4.2449 2.0388 1.5000
-4.2500 2.0000 1.5000
-4.2449 1.9612 1.5000
-4.2299 1.9250 1.5000
-4.2061 1.8939 1.5000
-4.1750 1.8701 1.5000
-4.1388 1.8551 1.5000
-4.1000 1.8500 1.5000
-4.0612 1.8551 1.5000
-4.0250 1.8701 1.5000
-3.9939 1.8939 1.5000
-3.9701 1.9250 1.5000
-3.9551 1.9612 1.5000
-3.9500 2.0000 1.5500
-3.9551 2.0388 1.5500
-3.9701 2.0750 1.5500
-3.9939 2.1061 1.5500
-4.0250 2.1299 1.5500
-4.0612 2.1449 1.5500
-4.1000 2.1500 1.5500
-4.1388 2.1449 1.5500
-4.1750 2.1299 1.5500
-4.2061 2.1061 1.5500
-4.2299 2.0750 1.5500
-4.2449 2.0388 1.5500
-4.2500 2.0000 1.5500
-4.2449 1.9612 1.5500
-4.2299 1.9250 1.5500
-4.2061 1.8939 1.5500
-4.1750 1.8701 1.5500
-4.1388 1.8551 1.5500
-4.1000 1.8500 1.5500
-4.0612 1.8551 1.5500
-4.0250 1.8701 1.5500
-3.9939 1.8939 1.5500
-3.9701 1.9250 1.5500
-3.9551 1.9612 1.5500
-3.9500 2.0000 1.6000
-3.9551 2.0388 1.6000
-3.9701 2.0750 1.6000
-3.9939 2.1061 1.6000
-4.0250 2.1299 1.6000
-4.0612 2.1449 1.6000
-4.1000 2.1500 1.6000
-4.1388 2.1449 1.6000
-4.1750 2.1299 1.6000
-4.2061 2.1061 1.6000
-4.2299 2.0750 1.6000
-4.2449 2.0388 1.6000
-4.2500 2.0000 1.6000
-4.2449 1.9612 1.6000
-4.2299 1.9250 1.6000
-4.2061 1.8939 1.6000
-4.1750 1.8701 1.6000
-4.1388 1.8551 1.6000
-4.1000 1.8500 1.6000
-4.0612 1.8551 1.6000
-4.0250 1.8701 1.6000
-3.9939 1.8939 1.6000
-3.9701 1.9250 1.6000
-3.9551 1.9612 1.6000
-3.9500 2.0000 1.6500
-3.9551 2.0388 1.6500
-3.9701 2.0750 1.6500
-3.9939 2.1061 1.6500
-4.0250 2.1299 1.6500
-4.0612 2.1449 1.6500
-4.1000 2.1500 1.6500
-4.1388 2.1449 1.6500
-4.1750 2.1299 1.6500
-4.2061 2.1061 1.6500
-4.2299 2.0750 1.6500
-4.2449 2.0388 1.6500
-4.2500 2.0000 1.6500
-4.2449 1.9612 1.6500
-4.2299 1.9250 1.6500
-4.2061 1.8939 1.6500
-4.1750 1.8701 1.6500
-4.1388 1.8551 1.6500
-4.1000 1.8500 1.6500
-4.0612 1.8551 1.6500
-4.0250 1.8701 1.6500
-3.9939 1.8939 1.6500
-3.9701 1.9250 1.6500
-3.9551 1.9612 1.6500
-3.9500 2.0000 1.7000
-3.9551 2.0388 1.7000
-3.9701 2.0750 1.7000
-3.9939 2.1061 1.7000
-4.0250 2.1299 1.7000
-4.0612 2.1449 1.7000
-4.1000 2.1500 1.7000
-4.1388 2.1449 1.7000
-4.1750 2.1299 1.7000
-4.2061 2.1061 1.7000
-4.2299 2.0750 1.7000
-4.2449 2.0388 1.7000
-4.2500 2.0000 1.7000
-4.2449 1.9612 1.7000
-4.2299 1.9250 1.7000
-4.2061 1.8939 1.7000
-4.1750 1.8701 1.7000
-4.1388 1.8551 1.7000
-4.1000 1.8500 1.7000
-4.0612 1.8551 1.7000
-4.0250 1.8701 1.7000
-3.9939 1.8939 1.7000
-3.9701 1.9250 1.7000
-3.9551 1.9612 1.7000
-3.9500 2.0000 1.7500
-3.9551 2.0388 1.7500
-3.9701 2.0750 1.7500
-3.9939 2.1061 1.7500
-4.0250 2.1299 1.7500
-4.0612 2.1449 1.7500
-4.1000 2.1500 1.7500
-4.1388 2.1449 1.7500
-4.1750 2.1299 1.7500
-4.2061 2.1061 1.7500
-4.2299 2.0750 1.7500
-4.2449 2.0388 1.7500
-4.2500 2.0000 1.7500
-4.2449 1.9612 1.7500
-4.2299 1.9250 1.7500
-4.2061 1.8939 1.7500
-4.1750 1.8701 1.7500
-4.1388 1.8551 1.7500
-4.1000 1.8500 1.7500
-4.0612 1.8551 1.7500
-4.0250 1.8701 1.7500
-3.9939 1.8939 1.7500
-3.9701 1.9250 1.7500
-3.9551 1.9612 1.7500
-3.9500 2.0000 1.8000
-3.9551 2.0388 1.8000
-3.9701 2.0750 1.8000
-3.9939 2.1061 1.8000
-4.0250 2.1299 1.8000
-4.0612 2.1449 1.8000
-4.1000 2.1500 1.8000
-4.1388 2.1449 1.8000
-4.1750 2.1299 1.8000
-4.2061 2.1061 1.8000
-4.2299 2.0750 1.8000
-4.2449 2.0388 1.8000
-4.2500 2.0000 1.8000
-4.2449 1.9612 1.8000
-4.2299 1.9250 1.8000
-4.2061 1.8939 1.8000
-4.1750 1.8701 1.8000
-4.1388 1.8551 1.8000
-4.1000 1.8500 1.8000
-4.0612 1.8551 1.8000
-4.0250 1.8701 1.8000
-3.9939 1.8939 1.8000
-3.9701 1.9250 1.8000
-3.9551 1.9612 1.8000
-3.9500 2.0000 1.8500
-3.9551 2.0388 1.8500
-3.9701 2.0750 1.8500
-3.9939 2.1061 1.8500
-4.0250 2.1299 1.8500
-4.0612 2.1449 1.8500
-4.1000 2.1500 1.8500
-4.1388 2.1449 1.8500
-4.1750 2.1299 1.8500
-4.2061 2.1061 1.8500
-4.2299 2.0750 1.8500
-4.2449 2.0388 1.8500
-4.2500 2.0000 1.8500
-4.2449 1.9612 1.8500
-4.2299 1.9250 1.8500
-4.2061 1.8939 1.8500
-4.1750 1.8701 1.8500
-4.1388 1.8551 1.8500
-4.1000 1.8500 1.8500
-4.0612 1.8551 1.8500
-4.0250 1.8701 1.8500
-3.9939 1.8939 1.8500
-3.9701 1.9250 1.8500
-3.9551 1.9612 1.8500
-3.9500 2.0000 1.9000
-3.9551 2.0388 1.9000
-3.9701 2.0750 1.9000
-3.9939 2.1061 1.9000
-4.0250 2.1299 1.9000
-4.0612 2.1449 1.9000
-4.1000 2.1500 1.9000
-4.1388 2.1449 1.9000
-4.1750 2.1299 1.9000
-4.2061 2.1061 1.9000
-4.2299 2.0750 1.9000
-4.2449 2.0388 1.9000
-4.2500 2.0000 1.9000
-4.2449 1.9612 1.9000
-4.2299 1.9250 1.9000
-4.2061 1.8939 1.9000
-4.1750 1.8701 1.9000
-4.1388 1.8551 1.9000
-4.1000 1.8500 1.9000
-4.0612 1.8551 1.9000
-4.0250 1.8701 1.9000
-3.9939 1.8939 1.9000
-3.9701 1.9250 1.9000
-3.9551 1.9612 1.9000
-3.9500 2.0000 1.9500
-3.9551 2.0388 1.9500
-3.9701 2.0750 1.9500
-3.9939 2.1061 1.9500
-4.0250 2.1299 1.9500
-4.0612 2.1449 1.9500
-4.1000 2.1500 1.9500
-4.1388 2.1449 1.9500
-4.1750 2.1299 1.9500
-4.2061 2.1061 1.9500
-4.2299 2.0750 1.9500
-4.2449 2.0388 1.9500
-4.2500 2.0000 1.9500
-4.2449 1.9612 1.9500
-4.2299 1.9250 1.9500
-4.2061 1.8939 1.9500
-4.1750 1.8701 1.9500
-4.1388 1.8551 1.9500
-4.1000 1.8500 1.9500
-4.0612 1.8551 1.9500
-4.0250 1.8701 1.9500
-3.9939 1.8939 1.9500
-3.9701 1.9250 1.9500
-3.9551 1.9612 1.9500
-3.9500 2.0000 2.0000
-3.9551 2.0388 2.0000
-3.9701 2.0750 2.0000
-3.9939 2.1061 2.0000
-4.0250 2.1299 2.0000
-4.0612 2.1449 2.0000
-4.1000 2.1500 2.0000
-4.1388 2.1449 2.0000
-4.1750 2.1299 2.0000
-4.2061 2.1061 2.0000
-4.2299 2.0750 2.0000
-4.2449 2.0388 2.0000
-4.2500 2.0000 2.0000
-4.2449 1.9612 2.0000
-4.2299 1.9250 2.0000
-4.2061 1.8939 2.0000
-4.1750 1.8701 2.0000
-4.1388 1.8551 2.0000
-4.1000 1.8500 2.0000
-4.0612 1.8551 2.0000
-4.0250 1.8701 2.0000
-3.9939 1.8939 2.0000
-3.9701 1.9250 2.0000
-3.9551 1.9612 2.0000
-4.1000 2.0000 0.0000
-4.0250 2.0000 0.0000
-4.0276 2.0194 0.0000
-4.0350 2.0375 0.0000
-4.0470 2.0530 0.0000
-4.0625 2.0650 0.0000
-4.0806 2.0724 0.0000
-4.1000 2.0750 0.0000
-4.1194 2.0724 0.0000
-4.1375 2.0650 0.0000
-4.1530 2.0530 0.0000
-4.1650 2.0375 0.0000
-4.1724 2.0194 0.0000
-4.1750 2.0000 0.0000
-4.1724 1.9806 0.0000
-4.1650 1.9625 0.0000
-4.1530 1.9470 0.0000
-4.1375 1.9350 0.0000
-4.1194 1.9276 0.0000
-4.1000 1.9250 0.0000
-4.0806 1.9276 0.0000
-4.0625 1.9350 0.0000
-4.0470 1.9470 0.0000
-4.0350 1.9625 0.0000
-4.0276 1.9806 0.0000
-3.9500 2.0000 0.0000
-3.9551 2.0388 0.0000
-3.9701 2.0750 0.0000
-3.9939 2.1061 0.0000
-4.0250 2.1299 0.0000
-4.0612 2.1449 0.0000
-4.1000 2.1500 0.0000
-4.1388 2.1449 0.0000
-4.1750 2.1299 0.0000
-4.2061 2.1061 0.0000
-4.2299 2.0750 0.0000
-4.2449 2.0388 0.0000
-4.2500 2.0000 0.0000
-4.2449 1.9612 0.0000
-4.2299 1.9250 0.0000
-4.2061 1.8939 0.0000
-4.1750 1.8701 0.0000
-4.1388 1.8551 0.0000
-4.1000 1.8500 0.0000
-4.0612 1.8551 0.0000
-4.0250 1.8701 0.0000
-3.9939 1.8939 0.0000
-3.9701 1.9250 0.0000
-3.9551 1.9612 0.0000
-4.1000 2.0000 2.0000
-4.0250 2.0000 2.0000
-4.0276 2.0194 2.0000
-4.0350 2.0375 2.0000
-4.0470 2.0530 2.0000
-4.0625 2.0650 2.0000
-4.0806 2.0724 2.0000
-4.1000 2.0750 2.0000
-4.1194 2.0724 2.0000
-4.1375 2.0650 2.0000
-4.1530 2.0530 2.0000
-4.1650 2.0375 2.0000
-4.1724 2.0194 2.0000
-4.1750 2.0000 2.0000
-4.1724 1.9806 2.0000
-4.1650 1.9625 2.0000
-4.1530 1.9470 2.0000
-4.1375 1.9350 2.0000
-4.1194 1.9276 2.0000
-4.1000 1.9250 2.0000
-4.0806 1.9276 2.0000
-4.0625 1.9350 2.0000
-4.0470 1.9470 2.0000
-4.0350 1.9625 2.0000
-4.0276 1.9806 2.0000
-3.9500 2.0000 2.0000
-3.9551 2.0388 2.0000
-3.9701 2.0750 2.0000
-3.9939 2.1061 2.0000
-4.0250 2.1299 2.0000
-4.0612 2.1449 2.0000
-4.1000 2.1500 2.0000
-4.1388 2.1449 2.0000
-4.1750 2.1299 2.0000
-4.2061 2.1061 2.0000
-4.2299 2.0750 2.0000
-4.2449 2.0388 2.0000
-4.2500 2.0000 2.0000
-4.2449 1.9612 2.0000
-4.2299 1.9250 2.0000
-4.2061 1.8939 2.0000
-4.1750 1.8701 2.0000
-4.1388 1.8551 2.0000
-4.1000 1.8500 2.0000
-4.0612 1.8551 2.0000
-4.0250 1.8701 2.0000
-3.9939 1.8939 2.0000
-3.9701 1.9250 2.0000
-3.9551 1.9612 2.0000
-1.0500 2.4000 0.0000
-1.0551 2.4388 0.0000
-1.0701 2.4750 0.0000
-1.0939 2.5061 0.0000
-1.1250 2.5299 0.0000
-1.1612 2.5449 0.0000
-1.2000 2.5500 0.0000
-1.2388 2.5449 0.0000
-1.2750 2.5299 0.0000
-1.3061 2.5061 0.0000
-1.3299 2.4750 0.0000
-1.3449 2.4388 0.0000
-1.3500 2.4000 0.0000
-1.3449 2.3612 0.0000
-1.3299 2.3250 0.0000
-1.3061 2.2939 0.0000
-1.2750 2.2701 0.0000
-1.2388 2.2551 0.0000
-1.2000 2.2500 0.0000
-1.1612 2.2551 0.0000
-1.1250 2.2701 0.0000
-1.0939 2.2939 0.0000
-1.0701 2.3250 0.0000
-1.0551 2.3612 0.0000
-1.0500 2.4000 0.0500
-1.0551 2.4388 0.0500
-1.0701 2.4750 0.0500
-1.0939 2.5061 0.0500
-1.1250 2.5299 0.0500
-1.1612 2.5449 0.0500
-1.2000 2.5500 0.0500
-1.2388 2.5449 0.0500
-1.2750 2.5299 0.0500
-1.3061 2.5061 0.0500
-1.3299 2.4750 0.0500
-1.3449 2.4388 0.0500
-1.3500 2.4000 0.0500
-1.3449 2.3612 0.0500
-1.3299 2.3250 0.0500
-1.3061 2.2939 0.0500
-1.2750 2.2701 0.0500
-1.2388 2.2551 0.0500
-1.2000 2.2500 0.0500
-1.1612 2.2551 0.0500
-1.1250 2.2701 0.0500
-1.0939 2.2939 0.0500
-1.0701 2.3250 0.0500
-1.0551 2.3612 0.0500
-1.0500 2.4000 0.1000
-1.0551 2.4388 0.1000
-1.0701 2.4750 0.1000
-1.0939 2.5061 0.1000
-1.1250 2.5299 0.1000
-1.1612 2.5449 0.1000
-1.2000 2.5500 0.1000
-1.2388 2.5449 0.1000
-1.2750 2.5299 0.1000
-1.3061 2.5061 0.1000
-1.3299 2.4750 0.1000
-1.3449 2.4388 0.1000
-1.3500 2.4000 0.1000
-1.3449 2.3612 0.1000
-1.3299 2.3250 0.1000
-1.3061 2.2939 0.1000
-1.2750 2.2701 0.1000
-1.2388 2.2551 0.1000
-1.2000 2.2500 0.1000
-1.1612 2.2551 0.1000
-1.1250 2.2701 0.1000
-1.0939 2.2939 0.1000
-1.0701 2.3250 0.1000
-1.0551 2.3612 0.1000
-1.0500 2.4000 0.1500
-1.0551 2.4388 0.1500
-1.0701 2.4750 0.1500
-1.0939 2.5061 0.1500
-1.1250 2.5299 0.1500
-1.1612 2.5449 0.1500
-1.2000 2.5500 0.1500
-1.2388 2.5449 0.1500
-1.2750 2.5299 0.1500
-1.3061 2.5061 0.1500
-1.3299 2.4750 0.1500
-1.3449 2.4388 0.1500
-1.3500 2.4000 0.1500
-1.3449 2.3612 0.1500
-1.3299 2.3250 0.1500
-1.3061 2.2939 0.1500
-1.2750 2.2701 0.1500
-1.2388 2.2551 0.1500
-1.2000 2.2500 0.1500
-1.1612 2.2551 0.1500
-1.1250 2.2701 0.1500
-1.0939 2.2939 0.1500
-1.0701 2.3250 0.1500
-1.0551 2.3612 0.1500
-1.0500 2.4000 0.2000
-1.0551 2.4388 0.2000
-1.0701 2.4750 0.2000
-1.0939 2.5061 0.2000
-1.1250 2.5299 0.2000
-1.1612 2.5449 0.2000
-1.2000 2.5500 0.2000
-1.2388 2.5449 0.2000
-1.2750 2.5299 0.2000
-1.3061 2.5061 0.2000
-1.3299 2.4750 0.2000
-1.3449 2.4388 0.2000
-1.3500 2.4000 0.2000
-1.3449 2.3612 0.2000
-1.3299 2.3250 0.2000
-1.3061 2.2939 0.2000
-1.2750 2.2701 0.2000
-1.2388 2.2551 0.2000
-1.2000 2.2500 0.2000
-1.1612 2.2551 0.2000
-1.1250 2.2701 0.2000
-1.0939 2.2939 0.2000
-1.0701 2.3250 0.2000
-1.0551 2.3612 0.2000
-1.0500 2.4000 0.2500
-1.0551 2.4388 0.2500
-1.0701 2.4750 0.2500
-1.0939 2.5061 0.2500
-1.1250 2.5299 0.2500
-1.1612 2.5449 0.2500
-1.2000 2.5500 0.2500
-1.2388 2.5449 0.2500
-1.2750 2.5299 0.2500
-1.3061 2.5061 0.2500
-1.3299 2.4750 0.2500
-1.3449 2.4388 0.2500
-1.3500 2.4000 0.2500
-1.3449 2.3612 0.2500
-1.3299 2.3250 0.2500
-1.3061 2.2939 0.2500
-1.2750 2.2701 0.2500
-1.2388 2.2551 0.2500
-1.2000 2.2500 0.2500
-1.1612 2.2551 0.2500
-1.1250 2.2701 0.2500
-1.0939 2.2939 0.2500
-1.0701 2.3250 0.2500
-1.0551 2.3612 0.2500
-1.0500 2.4000 0.3000
-1.0551 2.4388 0.3000
-1.0701 2.4750 0.3000
-1.0939 2.5061 0.3000
-1.1250 2.5299 0.3000
-1.1612 2.5449 0.3000
-1.2000 2.5500 0.3000
-1.2388 2.5449 0.3000
-1.2750 2.5299 0.3000
-1.3061 2.5061 0.3000
-1.3299 2.4750 0.3000
-1.3449 2.4388 0.3000
-1.3500 2.4000 0.3000
-1.3449 2.3612 0.3000
-1.3299 2.3250 0.3000
-1.3061 2.2939 0.3000
-1.2750 2.2701 0.3000
-1.2388 2.2551 0.3000
-1.2000 2.2500 0.3000
-1.1612 2.2551 0.3000
-1.1250 2.2701 0.3000
-1.0939 2.2939 0.3000
-1.0701 2.3250 0.3000
-1.0551 2.3612 0.3000
-1.0500 2.4000 0.3500
-1.0551 2.4388 0.3500
-1.0701 2.4750 0.3500
-1.0939 2.5061 0.3500
-1.1250 2.5299 0.3500
-1.1612 2.5449 0.3500
-1.2000 2.5500 0.3500
-1.2388 2.5449 0.3500
-1.2750 2.5299 0.3500
-1.3061 2.5061 0.3500
-1.3299 2.4750 0.3500
-1.3449 2.4388 0.3500
-1.3500 2.4000 0.3500
-1.3449 2.3612 0.3500
-1.3299 2.3250 0.3500
-1.3061 2.2939 0.3500
-1.2750 2.2701 0.3500
-1.2388 2.2551 0.3500
-1.2000 2.2500 0.3500
-1.1612 2.2551 0.3500
-1.1250 2.2701 0.3500
-1.0939 2.2939 0.3500
-1.0701 2.3250 0.3500
-1.0551 2.3612 0.3500
-1.0500 2.4000 0.4000
-1.0551 2.4388 0.4000
-1.0701 2.4750 0.4000
-1.0939 2.5061 0.4000
-1.1250 2.5299 0.4000
-1.1612 2.5449 0.4000
-1.2000 2.5500 0.4000
-1.2388 2.5449 0.4000
-1.2750 2.5299 0.4000
-1.3061 2.5061 0.4000
-1.3299 2.4750 0.4000
-1.3449 2.4388 0.4000
-1.3500 2.4000 0.4000
-1.3449 2.3612 0.4000
-1.3299 2.3250 0.4000
-1.3061 2.2939 0.4000
-1.2750 2.2701 0.4000
-1.2388 2.2551 0.4000
-1.2000 2.2500 0.4000
-1.1612 2.2551 0.4000
-1.1250 2.2701 0.4000
-1.0939 2.2939 0.4000
-1.0701 2.3250 0.4000
-1.0551 2.3612 0.4000
-1.0500 2.4000 0.4500
-1.0551 2.4388 0.4500
-1.0701 2.4750 0.4500
-1.0939 2.5061 0.4500
-1.1250 2.5299 0.4500
-1.1612 2.5449 0.4500
-1.2000 2.5500 0.4500
-1.2388 2.5449 0.4500
-1.2750 2.5299 0.4500
-1.3061 2.5061 0.4500
-1.3299 2.4750 0.4500
-1.3449 2.4388 0.4500
-1.3500 2.4000 0.4500
-1.3449 2.3612 0.4500
-1.3299 2.3250 0.4500
-1.3061 2.2939 0.4500
-1.2750 2.2701 0.4500
-1.2388 2.2551 0.4500
-1.2000 2.2500 0.4500
-1.1612 2.2551 0.4500
-1.1250 2.2701 0.4500
-1.0939 2.2939 0.4500
-1.0701 2.3250 0.4500
-1.0551 2.3612 0.4500
-1.0500 2.4000 0.5000
-1.0551 2.4388 0.5000
-1.0701 2.4750 0.5000
-1.0939 2.5061 0.5000
-1.1250 2.5299 0.5000
-1.1612 2.5449 0.5000
-1.2000 2.5500 0.5000
-1.2388 2.5449 0.5000
-1.2750 2.5299 0.5000
-1.3061 2.5061 0.5000
-1.3299 2.4750 0.5000
-1.3449 2.4388 0.5000
-1.3500 2.4000 0.5000
-1.3449 2.3612 0.5000
-1.3299 2.3250 0.5000
-1.3061 2.2939 0.5000
-1.2750 2.2701 0.5000
-1.2388 2.2551 0.5000
-1.2000 2.2500 0.5000
-1.1612 2.2551 0.5000
-1.1250 2.2701 0.5000
-1.0939 2.2939 0.5000
-1.0701 2.3250 0.5000
-1.0551 2.3612 0.5000
-1.0500 2.4000 0.5500
-1.0551 2.4388 0.5500
-1.0701 2.4750 0.5500
-1.0939 2.5061 0.5500
-1.1250 2.5299 0.5500
-1.1612 2.5449 0.5500
-1.2000 2.5500 0.5500
-1.2388 2.5449 0.5500
-1.2750 2.5299 0.5500
-1.3061 2.5061 0.5500
-1.3299 2.4750 0.5500
-1.3449 2.4388 0.5500
-1.3500 2.4000 0.5500
-1.3449 2.3612 0.5500
-1.3299 2.3250 0.5500
-1.3061 2.2939 0.5500
-1.2750 2.2701 0.5500
-1.2388 2.2551 0.5500
-1.2000 2.2500 0.5500
-1.1612 2.2551 0.5500
-1.1250 2.2701 0.5500
-1.0939 2.2939 0.5500
-1.0701 2.3250 0.5500
-1.0551 2.3612 0.5500
-1.0500 2.4000 0.6000
-1.0551 2.4388 0.6000
-1.0701 2.4750 0.6000
-1.0939 2.5061 0.6000
-1.1250 2.5299 0.6000
-1.1612 2.5449 0.6000
-1.2000 2.5500 0.6000
-1.2388 2.5449 0.6000
-1.2750 2.5299 0.6000
-1.3061 2.5061 0.6000
-1.3299 2.4750 0.6000
-1.3449 2.4388 0.6000
-1.3500 2.4000 0.6000
-1.3449 2.3612 0.6000
-1.3299 2.3250 0.6000
-1.3061 2.2939 0.6000
-1.2750 2.2701 0.6000
-1.2388 2.2551 0.6000
-1.2000 2.2500 0.6000
-1.1612 2.2551 0.6000
-1.1250 2.2701 0.6000
-1.0939 2.2939 0.6000
-1.0701 2.3250 0.6000
-1.0551 2.3612 0.6000
-1.0500 2.4000 0.6500
-1.0551 2.4388 0.6500
-1.0701 2.4750 0.6500
-1.0939 2.5061 0.6500
-1.1250 2.5299 0.6500
-1.1612 2.5449 0.6500
-1.2000 2.5500 0.6500
-1.2388 2.5449 0.6500
-1.2750 2.5299 0.6500
-1.3061 2.5061 0.6500
-1.3299 2.4750 0.6500
-1.3449 2.4388 0.6500
-1.3500 2.4000 0.6500
-1.3449 2.3612 0.6500
-1.3299 2.3250 0.6500
-1.3061 2.2939 0.6500
-1.2750 2.2701 0.6500
-1.2388 2.2551 0.6500
-1.2000 2.2500 0.6500
-1.1612 2.2551 0.6500
-1.1250 2.2701 0.6500
-1.0939 2.2939 0.6500
-1.0701 2.3250 0.6500
-1.0551 2.3612 0.6500
-1.0500 2.4000 0.7000
-1.0551 2.4388 0.7000
-1.0701 2.4750 0.7000
-1.0939 2.5061 0.7000
-1.1250 2.5299 0.7000
-1.1612 2.5449 0.7000
-1.2000 2.5500 0.7000
-1.2388 2.5449 0.7000
-1.2750 2.5299 0.7000
-1.3061 2.5061 0.7000
-1.3299 2.4750 0.7000
-1.3449 2.4388 0.7000
-1.3500 2.4000 0.7000
-1.3449 2.3612 0.7000
-1.3299 2.3250 0.7000
-1.3061 2.2939 0.7000
-1.2750 2.2701 0.7000
-1.2388 2.2551 0.7000
-1.2000 2.2500 0.7000
-1.1612 2.2551 0.7000
-1.1250 2.2701 0.7000
-1.0939 2.2939 0.7000
-1.0701 2.3250 0.7000
-1.0551 2.3612 0.7000
-1.0500 2.4000 0.7500
-1.0551 2.4388 0.7500
-1.0701 2.4750 0.7500
-1.0939 2.5061 0.7500
-1.1250 2.5299 0.7500
-1.1612 2.5449 0.7500
-1.2000 2.5500 0.7500
-1.2388 2.5449 0.7500
-1.2750 2.5299 0.7500
-1.3061 2.5061 0.7500
-1.3299 2.4750 0.7500
-1.3449 2.4388 0.7500
-1.3500 2.4000 0.7500
-1.3449 2.3612 0.7500
-1.3299 2.3250 0.7500
-1.3061 2.2939 0.7500
-1.2750 2.2701 0.7500
-1.2388 2.2551 0.7500
-1.2000 2.2500 0.7500
-1.1612 2.2551 0.7500
-1.1250 2.2701 0.7500
-1.0939 2.2939 0.7500
-1.0701 2.3250 0.7500
-1.0551 2.3612 0.7500
-1.0500 2.4000 0.8000
-1.0551 2.4388 0.8000
-1.0701 2.4750 0.8000
-1.0939 2.5061 0.8000
-1.1250 2.5299 0.8000
-1.1612 2.5449 0.8000
-1.2000 2.5500 0.8000
-1.2388 2.5449 0.8000
-1.2750 2.5299 0.8000
-1.3061 2.5061 0.8000
-1.3299 2.4750 0.8000
-1.3449 2.4388 0.8000
-1.3500 2.4000 0.8000
-1.3449 2.3612 0.8000
-1.3299 2.3250 0.8000
-1.3061 2.2939 0.8000
-1.2750 2.2701 0.8000
-1.2388 2.2551 0.8000
-1.2000 2.2500 0.8000
-1.1612 2.2551 0.8000
-1.1250 2.2701 0.8000
-1.0939 2.2939 0.8000
-1.0701 2.3250 0.8000
-1.0551 2.3612 0.8000
-1.0500 2.4000 0.8500
-1.0551 2.4388 0.8500
-1.0701 2.4750 0.8500
-1.0939 2.5061 0.8500
-1.1250 2.5299 0.8500
-1.1612 2.5449 0.8500
-1.2000 2.5500 0.8500
-1.2388 2.5449 0.8500
-1.2750 2.5299 0.8500
-1.3061 2.5061 0.8500
-1.3299 2.4750 0.8500
-1.3449 2.4388 0.8500
-1.3500 2.4000 0.8500
-1.3449 2.3612 0.8500
-1.3299 2.3250 0.8500
-1.3061 2.2939 0.8500
-1.2750 2.2701 0.8500
-1.2388 2.2551 0.8500
-1.2000 2.2500 0.8500
-1.1612 2.2551 0.8500
-1.1250 2.2701 0.8500
-1.0939 2.2939 0.8500
-1.0701 2.3250 0.8500
-1.0551 2.3612 0.8500
-1.0500 2.4000 0.9000
-1.0551 2.4388 0.9000
-1.0701 2.4750 0.9000
-1.0939 2.5061 0.9000
-1.1250 2.5299 0.9000
-1.1612 2.5449 0.9000
-1.2000 2.5500 0.9000
-1.2388 2.5449 0.9000
-1.2750 2.5299 0.9000
-1.3061 2.5061 0.9000
-1.3299 2.4750 0.9000
-1.3449 2.4388 0.9000
-1.3500 2.4000 0.9000
-1.3449 2.3612 0.9000
-1.3299 2.3250 0.9000
-1.3061 2.2939 0.9000
-1.2750 2.2701 0.9000
-1.2388 2.2551 0.9000
-1.2000 2.2500 0.9000
-1.1612 2.2551 0.9000
-1.1250 2.2701 0.9000
-1.0939 2.2939 0.9000
-1.0701 2.3250 0.9000
-1.0551 2.3612 0.9000
-1.0500 2.4000 0.9500
-1.0551 2.4388 0.9500
-1.0701 2.4750 0.9500
-1.0939 2.5061 0.9500
-1.1250 2.5299 0.9500
-1.1612 2.5449 0.9500
-1.2000 2.5500 0.9500
-1.2388 2.5449 0.9500
-1.2750 2.5299 0.9500
-1.3061 2.5061 0.9500
-1.3299 2.4750 0.9500
-1.3449 2.4388 0.9500
-1.3500 2.4000 0.9500
-1.3449 2.3612 0.9500
-1.3299 2.3250 0.9500
-1.3061 2.2939 0.9500
-1.2750 2.2701 0.9500
-1.2388 2.2551 0.9500
-1.2000 2.2500 0.9500
-1.1612 2.2551 0.9500
-1.1250 2.2701 0.9500
-1.0939 2.2939 0.9500
-1.0701 2.3250 0.9500
-1.0551 2.3612 0.9500
-1.0500 2.4000 1.0000
-1.0551 2.4388 1.0000
-1.0701 2.4750 1.0000
-1.0939 2.5061 1.0000
-1.1250 2.5299 1.0000
-1.1612 2.5449 1.0000
-1.2000 2.5500 1.0000
-1.2388 2.5449 1.0000
-1.2750 2.5299 1.0000
-1.3061 2.5061 1.0000
-1.3299 2.4750 1.0000
-1.3449 2.4388 1.0000
-1.3500 2.4000 1.0000
-1.3449 2.3612 1.0000
-1.3299 2.3250 1.0000
-1.3061 2.2939 1.0000
-1.2750 2.2701 1.0000
-1.2388 2.2551 1.0000
-1.2000 2.2500 1.0000
-1.1612 2.2551 1.0000
-1.1250 2.2701 1.0000
-1.0939 2.2939 1.0000
-1.0701 2.3250 1.0000
-1.0551 2.3612 1.0000
-1.0500 2.4000 1.0500
-1.0551 2.4388 1.0500
-1.0701 2.4750 1.0500
-1.0939 2.5061 1.0500
-1.1250 2.5299 1.0500
-1.1612 2.5449 1.0500
-1.2000 2.5500 1.0500
-1.2388 2.5449 1.0500
-1.2750 2.5299 1.0500
-1.3061 2.5061 1.0500
-1.3299 2.4750 1.0500
-1.3449 2.4388 1.0500
-1.3500 2.4000 1.0500
-1.3449 2.3612 1.0500
-1.3299 2.3250 1.0500
-1.3061 2.2939 1.0500
-1.2750 2.2701 1.0500
-1.2388 2.2551 1.0500
-1.2000 2.2500 1.0500
-1.1612 2.2551 1.0500
-1.1250 2.2701 1.0500
-1.0939 2.2939 1.0500
-1.0701 2.3250 1.0500
-1.0551 2.3612 1.0500
-1.0500 2.4000 1.1000
-1.0551 2.4388 1.1000
-1.0701 2.4750 1.1000
-1.0939 2.5061 1.1000
-1.1250 2.5299 1.1000
-1.1612 2.5449 1.1000
-1.2000 2.5500 1.1000
-1.2388 2.5449 1.1000
-1.2750 2.5299 1.1000
-1.3061 2.5061 1.1000
-1.3299 2.4750 1.1000
-1.3449 2.4388 1.1000
-1.3500 2.4000 1.1000
-1.3449 2.3612 1.1000
-1.3299 2.3250 1.1000
-1.3061 2.2939 1.1000
-1.2750 2.2701 1.1000
-1.2388 2.2551 1.1000
-1.2000 2.2500 1.1000
-1.1612 2.2551 1.1000
-1.1250 2.2701 1.1000
-1.0939 2.2939 1.1000
-1.0701 2.3250 1.1000
-1.0551 2.3612 1.1000
-1.0500 2.4000 1.1500
-1.0551 2.4388 1.1500
-1.0701 2.4750 1.1500
-1.0939 2.5061 1.1500
-1.1250 2.5299 1.1500
-1.1612 2.5449 1.1500
-1.2000 2.5500 1.1500
-1.2388 2.5449 1.1500
-1.2750 2.5299 1.1500
-1.3061 2.5061 1.1500
-1.3299 2.4750 1.1500
-1.3449 2.4388 1.1500
-1.3500 2.4000 1.1500
-1.3449 2.3612 1.1500
-1.3299 2.3250 1.1500
-1.3061 2.2939 1.1500
-1.2750 2.2701 1.1500
-1.2388 2.2551 1.1500
-1.2000 2.2500 1.1500
-1.1612 2.2551 1.1500
-1.1250 2.2701 1.1500
-1.0939 2.2939 1.1500
-1.0701 2.3250 1.1500
-1.0551 2.3612 1.1500
-1.0500 2.4000 1.2000
-1.0551 2.4388 1.2000
-1.0701 2.4750 1.2000
-1.0939 2.5061 1.2000
-1.1250 2.5299 1.2000
-1.1612 2.5449 1.2000
-1.2000 2.5500 1.2000
-1.2388 2.5449 1.2000
-1.2750 2.5299 1.2000
-1.3061 2.5061 1.2000
-1.3299 2.4750 1.2000
-1.3449 2.4388 1.2000
-1.3500 2.4000 1.2000
-1.3449 2.3612 1.2000
-1.3299 2.3250 1.2000
-1.3061 2.2939 1.2000
-1.2750 2.2701 1.2000
-1.2388 2.2551 1.2000
-1.2000 2.2500 1.2000
-1.1612 2.2551 1.2000
-1.1250 2.2701 1.2000
-1.0939 2.2939 1.2000
-1.0701 2.3250 1.2000
-1.0551 2.3612 1.2000
-1.0500 2.4000 1.2500
-1.0551 2.4388 1.2500
-1.0701 2.4750 1.2500
-1.0939 2.5061 1.2500
-1.1250 2.5299 1.2500
-1.1612 2.5449 1.2500
-1.2000 2.5500 1.2500
-1.2388 2.5449 1.2500
-1.2750 2.5299 1.2500
-1.3061 2.5061 1.2500
-1.3299 2.4750 1.2500
-1.3449 2.4388 1.2500
-1.3500 2.4000 1.2500
-1.3449 2.3612 1.2500
-1.3299 2.3250 1.2500
-1.3061 2.2939 1.2500
-1.2750 2.2701 1.2500
-1.2388 2.2551 1.2500
-1.2000 2.2500 1.2500
-1.1612 2.2551 1.2500
-1.1250 2.2701 1.2500
-1.0939 2.2939 1.2500
-1.0701 2.3250 1.2500
-1.0551 2.3612 1.2500
-1.0500 2.4000 1.3000
-1.0551 2.4388 1.3000
-1.0701 2.4750 1.3000
-1.0939 2.5061 1.3000
-1.1250 2.5299 1.3000
-1.1612 2.5449 1.3000
-1.2000 2.5500 1.3000
-1.2388 2.5449 1.3000
-1.2750 2.5299 1.3000
-1.3061 2.5061 1.3000
-1.3299 2.4750 1.3000
-1.3449 2.4388 1.3000
-1.3500 2.4000 1.3000
-1.3449 2.3612 1.3000
-1.3299 2.3250 1.3000
-1.3061 2.2939 1.3000
-1.2750 2.2701 1.3000
-1.2388 2.2551 1.3000
-1.2000 2.2500 1.3000
-1.1612 2.2551 1.3000
-1.1250 2.2701 1.3000
-1.0939 2.2939 1.3000
-1.0701 2.3250 1.3000
-1.0551 2.3612 1.3000
-1.0500 2.4000 1.3500
-1.0551 2.4388 1.3500
-1.0701 2.4750 1.3500
-1.0939 2.5061 1.3500
-1.1250 2.5299 1.3500
-1.1612 2.5449 1.3500
-1.2000 2.5500 1.3500
-1.2388 2.5449 1.3500
-1.2750 2.5299 1.3500
-1.3061 2.5061 1.3500
-1.3299 2.4750 1.3500
-1.3449 2.4388 1.3500
-1.3500 2.4000 1.3500
-1.3449 2.3612 1.3500
-1.3299 2.3250 1.3500
-1.3061 2.2939 1.3500
-1.2750 2.2701 1.3500
-1.2388 2.2551 1.3500
-1.2000 2.2500 1.3500
-1.1612 2.2551 1.3500
-1.1250 2.2701 1.3500
-1.0939 2.2939 1.3500
-1.0701 2.3250 1.3500
-1.0551 2.3612 1.3500
-1.0500 2.4000 1.4000
-1.0551 2.4388 1.4000
-1.0701 2.4750 1.4000
-1.0939 2.5061 1.4000
-1.1250 2.5299 1.4000
-1.1612 2.5449 1.4000
-1.2000 2.5500 1.4000
-1.2388 2.5449 1.4000
-1.2750 2.5299 1.4000
-1.3061 2.5061 1.4000
-1.3299 2.4750 1.4000
-1.3449 2.4388 1.4000
-1.3500 2.4000 1.4000
-1.3449 2.3612 1.4000
-1.3299 2.3250 1.4000
-1.3061 2.2939 1.4000
-1.2750 2.2701 1.4000
-1.2388 2.2551 1.4000
-1.2000 2.2500 1.4000
-1.1612 2.2551 1.4000
-1.1250 2.2701 1.4000
-1.0939 2.2939 1.4000
-1.0701 2.3250 1.4000
-1.0551 2.3612 1.4000
-1.0500 2.4000 1.4500
-1.0551 2.4388 1.4500
-1.0701 2.4750 1.4500
-1.0939 2.5061 1.4500
-1.1250 2.5299 1.4500
-1.1612 2.5449 1.4500
-1.2000 2.5500 1.4500
-1.2388 2.5449 1.4500
-1.2750 2.5299 1.4500
-1.3061 2.5061 1.4500
-1.3299 2.4750 1.4500
-1.3449 2.4388 1.4500
-1.3500 2.4000 1.4500
-1.3449 2.3612 1.4500
-1.3299 2.3250 1.4500
-1.3061 2.2939 1.4500
-1.2750 2.2701 1.4500
-1.2388 2.2551 1.4500
-1.2000 2.2500 1.4500
-1.1612 2.2551 1.4500
-1.1250 2.2701 1.4500
-1.0939 2.2939 1.4500
-1.0701 2.3250 1.4500
-1.0551 2.3612 1.4500
-1.0500 2.4000 1.5000
-1.0551 2.4388 1.5000
-1.0701 2.4750 1.5000
-1.0939 2.5061 1.5000
-1.1250 2.5299 1.5000
-1.1612 2.5449 1.5000
-1.2000 2.5500 1.5000
-1.2388 2.5449 1.5000
-1.2750 2.5299 1.5000
-1.3061 2.5061 1.5000
-1.3299 2.4750 1.5000
-1.3449 2.4388 1.5000
-1.3500 2.4000 1.5000
-1.3449 2.3612 1.5000
-1.3299 2.3250 1.5000
-1.3061 2.2939 1.5000
-1.2750 2.2701 1.5000
-1.2388 2.2551 1.5000
-1.2000 2.2500 1.5000
-1.1612 2.2551 1.5000
-1.1250 2.2701 1.5000
-1.0939 2.2939 1.5000
-1.0701 2.3250 1.5000
-1.0551 2.3612 1.5000
-1.0500 2.4000 1.5500
-1.0551 2.4388 1.5500
-1.0701 2.4750 1.5500
-1.0939 2.5061 1.5500
-1.1250 2.5299 1.5500
-1.1612 2.5449 1.5500
-1.2000 2.5500 1.5500
-1.2388 2.5449 1.5500
-1.2750 2.5299 1.5500
-1.3061 2.5061 1.5500
-1.3299 2.4750 1.5500
-1.3449 2.4388 1.5500
-1.3500 2.4000 1.5500
-1.3449 2.3612 1.5500
-1.3299 2.3250 1.5500
-1.3061 2.2939 1.5500
-1.2750 2.2701 1.5500
-1.2388 2.2551 1.5500
-1.2000 2.2500 1.5500
-1.1612 2.2551 1.5500
-1.1250 2.2701 1.5500
-1.0939 2.2939 1.5500
-1.0701 2.3250 1.5500
-1.0551 2.3612 1.5500
-1.0500 2.4000 1.6000
-1.0551 2.4388 1.6000
-1.0701 2.4750 1.6000
-1.0939 2.5061 1.6000
-1.1250 2.5299 1.6000
-1.1612 2.5449 1.6000
-1.2000 2.5500 1.6000
-1.2388 2.5449 1.6000
-1.2750 2.5299 1.6000
-1.3061 2.5061 1.6000
-1.3299 2.4750 1.6000
-1.3449 2.4388 1.6000
-1.3500 2.4000 1.6000
-1.3449 2.3612 1.6000
-1.3299 2.3250 1.6000
-1.3061 2.2939 1.6000
-1.2750 2.2701 1.6000
-1.2388 2.2551 1.6000
-1.2000 2.2500 1.6000
-1.1612 2.2551 1.6000
-1.1250 2.2701 1.6000
-1.0939 2.2939 1.6000
-1.0701 2.3250 1.6000
-1.0551 2.3612 1.6000
-1.0500 2.4000 1.6500
-1.0551 2.4388 1.6500
-1.0701 2.4750 1.6500
-1.0939 2.5061 1.6500
-1.1250 2.5299 1.6500
-1.1612 2.5449 1.6500
-1.2000 2.5500 1.6500
-1.2388 2.5449 1.6500
-1.2750 2.5299 1.6500
-1.3061 2.5061 1.6500
-1.3299 2.4750 1.6500
-1.3449 2.4388 1.6500
-1.3500 2.4000 1.6500
-1.3449 2.3612 1.6500
-1.3299 2.3250 1.6500
-1.3061 2.2939 1.6500
-1.2750 2.2701 1.6500
-1.2388 2.2551 1.6500
-1.2000 2.2500 1.6500
-1.1612 2.2551 1.6500
-1.1250 2.2701 1.6500
-1.0939 2.2939 1.6500
-1.0701 2.3250 1.6500
-1.0551 2.3612 1.6500
-1.0500 2.4000 1.7000
-1.0551 2.4388 1.7000
-1.0701 2.4750 1.7000
-1.0939 2.5061 1.7000
-1.1250 2.5299 1.7000
-1.1612 2.5449 1.7000
-1.2000 2.5500 1.7000
-1.2388 2.5449 1.7000
-1.2750 2.5299 1.7000
-1.3061 2.5061 1.7000
-1.3299 2.4750 1.7000
-1.3449 2.4388 1.7000
-1.3500 2.4000 1.7000
-1.3449 2.3612 1.7000
-1.3299 2.3250 1.7000
-1.3061 2.2939 1.7000
-1.2750 2.2701 1.7000
-1.2388 2.2551 1.7000
-1.2000 2.2500 1.7000
-1.1612 2.2551 1.7000
-1.1250 2.2701 1.7000
-1.0939 2.2939 1.7000
-1.0701 2.3250 1.7000
-1.0551 2.3612 1.7000
-1.0500 2.4000 1.7500
-1.0551 2.4388 1.7500
-1.0701 2.4750 1.7500
-1.0939 2.5061 1.7500
-1.1250 2.5299 1.7500
-1.1612 2.5449 1.7500
-1.2000 2.5500 1.7500
-1.2388 2.5449 1.7500
-1.2750 2.5299 1.7500
-1.3061 2.5061 1.7500
-1.3299 2.4750 1.7500
-1.3449 2.4388 1.7500
-1.3500 2.4000 1.7500
-1.3449 2.3612 1.7500
-1.3299 2.3250 1.7500
-1.3061 2.2939 1.7500
-1.2750 2.2701 1.7500
-1.2388 2.2551 1.7500
-1.2000 2.2500 1.7500
-1.1612 2.2551 1.7500
-1.1250 2.2701 1.7500
-1.0939 2.2939 1.7500
-1.0701 2.3250 1.7500
-1.0551 2.3612 1.7500
-1.0500 2.4000 1.8000
-1.0551 2.4388 1.8000
-1.0701 2.4750 1.8000
-1.0939 2.5061 1.8000
-1.1250 2.5299 1.8000
-1.1612 2.5449 1.8000
-1.2000 2.5500 1.8000
-1.2388 2.5449 1.8000
-1.2750 2.5299 1.8000
-1.3061 2.5061 1.8000
-1.3299 2.4750 1.8000
-1.3449 2.4388 1.8000
-1.3500 2.4000 1.8000
-1.3449 2.3612 1.8000
-1.3299 2.3250 1.8000
-1.3061 2.2939 1.8000
-1.2750 2.2701 1.8000
-1.2388 2.2551 1.8000
-1.2000 2.2500 1.8000
-1.1612 2.2551 1.8000
-1.1250 2.2701 1.8000
-1.0939 2.2939 1.8000
-1.0701 2.3250 1.8000
-1.0551 2.3612 1.8000
-1.0500 2.4000 1.8500
-1.0551 2.4388 1.8500
-1.0701 2.4750 1.8500
-1.0939 2.5061 1.8500
-1.1250 2.5299 1.8500
-1.1612 2.5449 1.8500
-1.2000 2.5500 1.8500
-1.2388 2.5449 1.8500
-1.2750 2.5299 1.8500
-1.3061 2.5061 1.8500
-1.3299 2.4750 1.8500
-1.3449 2.4388 1.8500
-1.3500 2.4000 1.8500
-1.3449 2.3612 1.8500
-1.3299 2.3250 1.8500
-1.3061 2.2939 1.8500
-1.2750 2.2701 1.8500
-1.2388 2.2551 1.8500
-1.2000 2.2500 1.8500
-1.1612 2.2551 1.8500
-1.1250 2.2701 1.8500
-1.0939 2.2939 1.8500
-1.0701 2.3250 1.8500
-1.0551 2.3612 1.8500
-1.0500 2.4000 1.9000
-1.0551 2.4388 1.9000
-1.0701 2.4750 1.9000
-1.0939 2.5061 1.9000
-1.1250 2.5299 1.9000
-1.1612 2.5449 1.9000
-1.2000 2.5500 1.9000
-1.2388 2.5449 1.9000
-1.2750 2.5299 1.9000
-1.3061 2.5061 1.9000
-1.3299 2.4750 1.9000
-1.3449 2.4388 1.9000
-1.3500 2.4000 1.9000
-1.3449 2.3612 1.9000
-1.3299 2.3250 1.9000
-1.3061 2.2939 1.9000
-1.2750 2.2701 1.9000
-1.2388 2.2551 1.9000
-1.2000 2.2500 1.9000
-1.1612 2.2551 1.9000
-1.1250 2.2701 1.9000
-1.0939 2.2939 1.9000
-1.0701 2.3250 1.9000
-1.0551 2.3612 1.9000
-1.0500 2.4000 1.9500
-1.0551 2.4388 1.9500
-1.0701 2.4750 1.9500
-1.0939 2.5061 1.9500
-1.1250 2.5299 1.9500
-1.1612 2.5449 1.9500
-1.2000 2.5500 1.9500
-1.2388 2.5449 1.9500
-1.2750 2.5299 1.9500
-1.3061 2.5061 1.9500
-1.3299 2.4750 1.9500
-1.3449 2.4388 1.9500
-1.3500 2.4000 1.9500
-1.3449 2.3612 1.9500
-1.3299 2.3250 1.9500
-1.3061 2.2939 1.9500
-1.2750 2.2701 1.9500
-1.2388 2.2551 1.9500
-1.2000 2.2500 1.9500
-1.1612 2.2551 1.9500
-1.1250 2.2701 1.9500
-1.0939 2.2939 1.9500
-1.0701 2.3250 1.9500
-1.0551 2.3612 1.9500
-1.0500 2.4000 2.0000
-1.0551 2.4388 2.0000
-1.0701 2.4750 2.0000
-1.0939 2.5061 2.0000
-1.1250 2.5299 2.0000
-1.1612 2.5449 2.0000
-1.2000 2.5500 2.0000
-1.2388 2.5449 2.0000
-1.2750 2.5299 2.0000
-1.3061 2.5061 2.0000
-1.3299 2.4750 2.0000
-1.3449 2.4388 2.0000
-1.3500 2.4000 2.0000
-1.3449 2.3612 2.0000
-1.3299 2.3250 2.0000
-1.3061 2.2939 2.0000
-1.2750 2.2701 2.0000
-1.2388 2.2551 2.0000
-1.2000 2.2500 2.0000
-1.1612 2.2551 2.0000
-1.1250 2.2701 2.0000
-1.0939 2.2939 2.0000
-1.0701 2.3250 2.0000
-1.0551 2.3612 2.0000
-1.2000 2.4000 0.0000
-1.1250 2.4000 0.0000
-1.1276 2.4194 0.0000
-1.1350 2.4375 0.0000
-1.1470 2.4530 0.0000
-1.1625 2.4650 0.0000
-1.1806 2.4724 0.0000
-1.2000 2.4750 0.0000
-1.2194 2.4724 0.0000
-1.2375 2.4650 0.0000
-1.2530 2.4530 0.0000
-1.2650 2.4375 0.0000
-1.2724 2.4194 0.0000
-1.2750 2.4000 0.0000
-1.2724 2.3806 0.0000
-1.2650 2.3625 0.0000
-1.2530 2.3470 0.0000
-1.2375 2.3350 0.0000
-1.2194 2.3276 0.0000
-1.2000 2.3250 0.0000
-1.1806 2.3276 0.0000
-1.1625 2.3350 0.0000
-1.1470 2.3470 0.0000
-1.1350 2.3625 0.0000
-1.1276 2.3806 0.0000
-1.0500 2.4000 0.0000
-1.0551 2.4388 0.0000
-1.0701 2.4750 0.0000
-1.0939 2.5061 0.0000
-1.1250 2.5299 0.0000
-1.1612 2.5449 0.0000
-1.2000 2.5500 0.0000
-1.2388 2.5449 0.0000
-1.2750 2.5299 0.0000
-1.3061 2.5061 0.0000
-1.3299 2.4750 0.0000
-1.3449 2.4388 0.0000
-1.3500 2.4000 0.0000
-1.3449 2.3612 0.0000
-1.3299 2.3250 0.0000
-1.3061 2.2939 0.0000
-1.2750 2.2701 0.0000
-1.2388 2.2551 0.0000
-1.2000 2.2500 0.0000
-1.1612 2.2551 0.0000
-1.1250 2.2701 0.0000
-1.0939 2.2939 0.0000
-1.0701 2.3250 0.0000
-1.0551 2.3612 0.0000
-1.2000 2.4000 2.0000
-1.1250 2.4000 2.0000
-1.1276 2.4194 2.0000
-1.1350 2.4375 2.0000
-1.1470 2.4530 2.0000
-1.1625 2.4650 2.0000
-1.1806 2.4724 2.0000
-1.2000 2.4750 2.0000
-1.2194 2.4724 2.0000
-1.2375 2.4650 2.0000
-1.2530 2.4530 2.0000
-1.2650 2.4375 2.0000
-1.2724 2.4194 2.0000
-1.2750 2.4000 2.0000
-1.2724 2.3806 2.0000
-1.2650 2.3625 2.0000
-1.2530 2.3470 2.0000
-1.2375 2.3350 2.0000
-1.2194 2.3276 2.0000
-1.2000 2.3250 2.0000
-1.1806 2.3276 2.0000
-1.1625 2.3350 2.0000
-1.1470 2.3470 2.0000
-1.1350 2.3625 2.0000
-1.1276 2.3806 2.0000
-1.0500 2.4000 2.0000
-1.0551 2.4388 2.0000
-1.0701 2.4750 2.0000
-1.0939 2.5061 2.0000
-1.1250 2.5299 2.0000
-1.1612 2.5449 2.0000
-1.2000 2.5500 2.0000
-1.2388 2.5449 2.0000
-1.2750 2.5299 2.0000
-1.3061 2.5061 2.0000
-1.3299 2.4750 2.0000
-1.3449 2.4388 2.0000
-1.3500 2.4000 2.0000
-1.3449 2.3612 2.0000
-1.3299 2.3250 2.0000
-1.3061 2.2939 2.0000
-1.2750 2.2701 2.0000
-1.2388 2.2551 2.0000
-1.2000 2.2500 2.0000
-1.1612 2.2551 2.0000
-1.1250 2.2701 2.0000
-1.0939 2.2939 2.0000
-1.0701 2.3250 2.0000
-1.0551 2.3612 2.0000
2.7500 2.2000 0.0000
2.7449 2.2388 0.0000
2.7299 2.2750 0.0000
2.7061 2.3061 0.0000
2.6750 2.3299 0.0000
2.6388 2.3449 0.0000
2.6000 2.3500 0.0000
2.5612 2.3449 0.0000
2.5250 2.3299 0.0000
2.4939 2.3061 0.0000
2.4701 2.2750 0.0000
2.4551 2.2388 0.0000
2.4500 2.2000 0.0000
2.4551 2.1612 0.0000
2.4701 2.1250 0.0000
2.4939 2.0939 0.0000
2.5250 2.0701 0.0000
2.5612 2.0551 0.0000
2.6000 2.0500 0.0000
2.6388 2.0551 0.0000
2.6750 2.0701 0.0000
2.7061 2.0939 0.0000
2.7299 2.1250 0.0000
2.7449 2.1612 0.0000
2.7500 2.2000 0.0500
2.7449 2.2388 0.0500
2.7299 2.2750 0.0500
2.7061 2.3061 0.0500
2.6750 2.3299 0.0500
2.6388 2.3449 0.0500
2.6000 2.3500 0.0500
2.5612 2.3449 0.0500
2.5250 2.3299 0.0500
2.4939 2.3061 0.0500
2.4701 2.2750 0.0500
2.4551 2.2388 0.0500
2.4500 2.2000 0.0500
2.4551 2.1612 0.0500
2.4701 2.1250 0.0500
2.4939 2.0939 0.0500
2.5250 2.0701 0.0500
2.5612 2.0551 0.0500
2.6000 2.0500 0.0500
2.6388 2.0551 0.0500
2.6750 2.0701 0.0500
2.7061 2.0939 0.0500
2.7299 2.1250 0.0500
2.7449 2.1612 0.0500
2.7500 2.2000 0.1000
2.7449 2.2388 0.1000
2.7299 2.2750 0.1000
2.7061 2.3061 0.1000
2.6750 2.3299 0.1000
2.6388 2.3449 0.1000
2.6000 2.3500 0.1000
2.5612 2.3449 0.1000
2.5250 2.3299 0.1000
2.4939 2.3061 0.1000
2.4701 2.2750 0.1000
2.4551 2.2388 0.1000
2.4500 2.2000 0.1000
2.4551 2.1612 0.1000
2.4701 2.1250 0.1000
2.4939 2.0939 0.1000
2.5250 2.0701 0.1000
2.5612 2.0551 0.1000
2.6000 2.0500 0.1000
2.6388 2.0551 0.1000
2.6750 2.0701 0.1000
2.7061 2.0939 0.1000
2.7299 2.1250 0.1000
2.7449 2.1612 0.1000
2.7500 2.2000 0.1500
2.7449 2.2388 0.1500
2.7299 2.2750 0.1500
2.7061 2.3061 0.1500
2.6750 2.3299 0.1500
2.6388 2.3449 0.1500
2.6000 2.3500 0.1500
2.5612 2.3449 0.1500
2.5250 2.3299 0.1500
2.4939 2.3061 0.1500
2.4701 2.2750 0.1500
2.4551 2.2388 0.1500
2.4500 2.2000 0.1500
2.4551 2.1612 0.1500
2.4701 2.1250 0.1500
2.4939 2.0939 0.1500
2.5250 2.0701 0.1500
2.5612 2.0551 0.1500
2.6000 2.0500 0.1500
2.6388 2.0551 0.1500
2.6750 2.0701 0.1500
2.7061 2.0939 0.1500
2.7299 2.1250 0.1500
2.7449 2.1612 0.1500
2.7500 2.2000 0.2000
2.7449 2.2388 0.2000
2.7299 2.2750 0.2000
2.7061 2.3061 0.2000
2.6750 2.3299 0.2000
2.6388 2.3449 0.2000
2.6000 2.3500 0.2000
2.5612 2.3449 0.2000
2.5250 2.3299 0.2000
2.4939 2.3061 0.2000
2.4701 2.2750 0.2000
2.4551 2.2388 0.2000
2.4500 2.2000 0.2000
2.4551 2.1612 0.2000
2.4701 2.1250 0.2000
2.4939 2.0939 0.2000
2.5250 2.0701 0.2000
2.5612 2.0551 0.2000
2.6000 2.0500 0.2000
2.6388 2.0551 0.2000
2.6750 2.0701 0.2000
2.7061 2.0939 0.2000
2.7299 2.1250 0.2000
2.7449 2.1612 0.2000
2.7500 2.2000 0.2500
2.7449 2.2388 0.2500
2.7299 2.2750 0.2500
2.7061 2.3061 0.2500
2.6750 2.3299 0.2500
2.6388 2.3449 0.2500
2.6000 2.3500 0.2500
2.5612 2.3449 0.2500
2.5250 2.3299 0.2500
2.4939 2.3061 0.2500
2.4701 2.2750 0.2500
2.4551 2.2388 0.2500
2.4500 2.2000 0.2500
2.4551 2.1612 0.2500
2.4701 2.1250 0.2500
2.4939 2.0939 0.2500
2.5250 2.0701 0.2500
2.5612 2.0551 0.2500
2.6000 2.0500 0.2500
2.6388 2.0551 0.2500
2.6750 2.0701 0.2500
2.7061 2.0939 0.2500
2.7299 2.1250 0.2500
2.7449 2.1612 0.2500
2.7500 2.2000 0.3000
2.7449 2.2388 0.3000
2.7299 2.2750 0.3000
2.7061 2.3061 0.3000
2.6750 2.3299 0.3000
2.6388 2.3449 0.3000
2.6000 2.3500 0.3000
2.5612 2.3449 0.3000
2.5250 2.3299 0.3000
2.4939 2.3061 0.3000
2.4701 2.2750 0.3000
2.4551 2.2388 0.3000
2.4500 2.2000 0.3000
2.4551 2.1612 0.3000
2.4701 2.1250 0.3000
2.4939 2.0939 0.3000
2.5250 2.0701 0.3000
2.5612 2.0551 0.3000
2.6000 2.0500 0.3000
2.6388 2.0551 0.3000
2.6750 2.0701 0.3000
2.7061 2.0939 0.3000
2.7299 2.1250 0.3000
2.7449 2.1612 0.3000
2.7500 2.2000 0.3500
2.7449 2.2388 0.3500
2.7299 2.2750 0.3500
2.7061 2.3061 0.3500
2.6750 2.3299 0.3500
2.6388 2.3449 0.3500
2.6000 2.3500 0.3500
2.5612 2.3449 0.3500
2.5250 2.3299 0.3500
2.4939 2.3061 0.3500
2.4701 2.2750 0.3500
2.4551 2.2388 0.3500
2.4500 2.2000 0.3500
2.4551 2.1612 0.3500
2.4701 2.1250 0.3500
2.4939 2.0939 0.3500
2.5250 2.0701 0.3500
2.5612 2.0551 0.3500
2.6000 2.0500 0.3500
2.6388 2.0551 0.3500
2.6750 2.0701 0.3500
2.7061 2.0939 0.3500
2.7299 2.1250 0.3500
2.7449 2.1612 0.3500
2.7500 2.2000 0.4000
2.7449 2.2388 0.4000
2.7299 2.2750 0.4000
2.7061 2.3061 0.4000
2.6750 2.3299 0.4000
2.6388 2.3449 0.4000
2.6000 2.3500 0.4000
2.5612 2.3449 0.4000
2.5250 2.3299 0.4000
2.4939 2.3061 0.4000
2.4701 2.2750 0.4000
2.4551 2.2388 0.4000
2.4500 2.2000 0.4000
2.4551 2.1612 0.4000
2.4701 2.1250 0.4000
2.4939 2.0939 0.4000
2.5250 2.0701 0.4000
2.5612 2.0551 0.4000
2.6000 2.0500 0.4000
2.6388 2.0551 0.4000
2.6750 2.0701 0.4000
2.7061 2.0939 0.4000
2.7299 2.1250 0.4000
2.7449 2.1612 0.4000
2.7500 2.2000 0.4500
2.7449 2.2388 0.4500
2.7299 2.2750 0.4500
2.7061 2.3061 0.4500
2.6750 2.3299 0.4500
2.6388 2.3449 0.4500
2.6000 2.3500 0.4500
2.5612 2.3449 0.4500
2.5250 2.3299 0.4500
2.4939 2.3061 0.4500
2.4701 2.2750 0.4500
2.4551 2.2388 0.4500
2.4500 2.2000 0.4500
2.4551 2.1612 0.4500
2.4701 2.1250 0.4500
2.4939 2.0939 0.4500
2.5250 2.0701 0.4500
2.5612 2.0551 0.4500
2.6000 2.0500 0.4500
2.6388 2.0551 0.4500
2.6750 2.0701 0.4500
2.7061 2.0939 0.4500
2.7299 2.1250 0.4500
2.7449 2.1612 0.4500
2.7500 2.2000 0.5000
2.7449 2.2388 0.5000
2.7299 2.2750 0.5000
2.7061 2.3061 0.5000
2.6750 2.3299 0.5000
2.6388 2.3449 0.5000
2.6000 2.3500 0.5000
2.5612 2.3449 0.5000
2.5250 2.3299 0.5000
2.4939 2.3061 0.5000
2.4701 2.2750 0.5000
2.4551 2.2388 0.5000
2.4500 2.2000 0.5000
2.4551 2.1612 0.5000
2.4701 2.1250 0.5000
2.4939 2.0939 0.5000
2.5250 2.0701 0.5000
2.5612 2.0551 0.5000
2.6000 2.0500 0.5000
2.6388 2.0551 0.5000
2.6750 2.0701 0.5000
2.7061 2.0939 0.5000
2.7299 2.1250 0.5000
2.7449 2.1612 0.5000
2.7500 2.2000 0.5500
2.7449 2.2388 0.5500
2.7299 2.2750 0.5500
2.7061 2.3061 0.5500
2.6750 2.3299 0.5500
2.6388 2.3449 0.5500
2.6000 2.3500 0.5500
2.5612 2.3449 0.5500
2.5250 2.3299 0.5500
2.4939 2.3061 0.5500
2.4701 2.2750 0.5500
2.4551 2.2388 0.5500
2.4500 2.2000 0.5500
2.4551 2.1612 0.5500
2.4701 2.1250 0.5500
2.4939 2.0939 0.5500
2.5250 2.0701 0.5500
2.5612 2.0551 0.5500
2.6000 2.0500 0.5500
2.6388 2.0551 0.5500
2.6750 2.0701 0.5500
2.7061 2.0939 0.5500
2.7299 2.1250 0.5500
2.7449 2.1612 0.5500
2.7500 2.2000 0.6000
2.7449 2.2388 0.6000
2.7299 2.2750 0.6000
2.7061 2.3061 0.6000
2.6750 2.3299 0.6000
2.6388 2.3449 0.6000
2.6000 2.3500 0.6000
2.5612 2.3449 0.6000
2.5250 2.3299 0.6000
2.4939 2.3061 0.6000
2.4701 2.2750 0.6000
2.4551 2.2388 0.6000
2.4500 2.2000 0.6000
2.4551 2.1612 0.6000
2.4701 2.1250 0.6000
2.4939 2.0939 0.6000
2.5250 2.0701 0.6000
2.5612 2.0551 0.6000
2.6000 2.0500 0.6000
2.6388 2.0551 0.6000
2.6750 2.0701 0.6000
2.7061 2.0939 0.6000
2.7299 2.1250 0.6000
2.7449 2.1612 0.6000
2.7500 2.2000 0.6500
2.7449 2.2388 0.6500
2.7299 2.2750 0.6500
2.7061 2.3061 0.6500
2.6750 2.3299 0.6500
2.6388 2.3449 0.6500
2.6000 2.3500 0.6500
2.5612 2.3449 0.6500
2.5250 2.3299 0.6500
2.4939 2.3061 0.6500
2.4701 2.2750 0.6500
2.4551 2.2388 0.6500
2.4500 2.2000 0.6500
2.4551 2.1612 0.6500
2.4701 2.1250 0.6500
2.4939 2.0939 0.6500
2.5250 2.0701 0.6500
2.5612 2.0551 0.6500
2.6000 2.0500 0.6500
2.6388 2.0551 0.6500
2.6750 2.0701 0.6500
2.7061 2.0939 0.6500
2.7299 2.1250 0.6500
2.7449 2.1612 0.6500
2.7500 2.2000 0.7000
2.7449 2.2388 0.7000
2.7299 2.2750 0.7000
2.7061 2.3061 0.7000
2.6750 2.3299 0.7000
2.6388 2.3449 0.7000
2.6000 2.3500 0.7000
2.5612 2.3449 0.7000
2.5250 2.3299 0.7000
2.4939 2.3061 0.7000
2.4701 2.2750 0.7000
2.4551 2.2388 0.7000
2.4500 2.2000 0.7000
2.4551 2.1612 0.7000
2.4701 2.1250 0.7000
2.4939 2.0939 0.7000
2.5250 2.0701 0.7000
2.5612 2.0551 0.7000
2.6000 2.0500 0.7000
2.6388 2.0551 0.7000
2.6750 2.0701 0.7000
2.7061 2.0939 0.7000
2.7299 2.1250 0.7000
2.7449 2.1612 0.7000
2.7500 2.2000 0.7500
2.7449 2.2388 0.7500
2.7299 2.2750 0.7500
2.7061 2.3061 0.7500
2.6750 2.3299 0.7500
2.6388 2.3449 0.7500
2.6000 2.3500 0.7500
2.5612 2.3449 0.7500
2.5250 2.3299 0.7500
2.4939 2.3061 0.7500
2.4701 2.2750 0.7500
2.4551 2.2388 0.7500
2.4500 2.2000 0.7500
2.4551 2.1612 0.7500
2.4701 2.1250 0.7500
2.4939 2.0939 0.7500
2.5250 2.0701 0.7500
2.5612 2.0551 0.7500
2.6000 2.0500 0.7500
2.6388 2.0551 0.7500
2.6750 2.0701 0.7500
2.7061 2.0939 0.7500
2.7299 2.1250 0.7500
2.7449 2.1612 0.7500
2.7500 2.2000 0.8000
2.7449 2.2388 0.8000
2.7299 2.2750 0.8000
2.7061 2.3061 0.8000
2.6750 2.3299 0.8000
2.6388 2.3449 0.8000
2.6000 2.3500 0.8000
2.5612 2.3449 0.8000
2.5250 2.3299 0.8000
2.4939 2.3061 0.8000
2.4701 2.2750 0.8000
2.4551 2.2388 0.8000
2.4500 2.2000 0.8000
2.4551 2.1612 0.8000
2.4701 2.1250 0.8000
2.4939 2.0939 0.8000
2.5250 2.0701 0.8000
2.5612 2.0551 0.8000
2.6000 2.0500 0.8000
2.6388 2.0551 0.8000
2.6750 2.0701 0.8000
2.7061 2.0939 0.8000
2.7299 2.1250 0.8000
2.7449 2.1612 0.8000
2.7500 2.2000 0.8500
2.7449 2.2388 0.8500
2.7299 2.2750 0.8500
2.7061 2.3061 0.8500
2.6750 2.3299 0.8500
2.6388 2.3449 0.8500
2.6000 2.3500 0.8500
2.5612 2.3449 0.8500
2.5250 2.3299 0.8500
2.4939 2.3061 0.8500
2.4701 2.2750 0.8500
2.4551 2.2388 0.8500
2.4500 2.2000 0.8500
2.4551 2.1612 0.8500
2.4701 2.1250 0.8500
2.4939 2.0939 0.8500
2.5250 2.0701 0.8500
2.5612 2.0551 0.8500
2.6000 2.0500 0.8500
2.6388 2.0551 0.8500
2.6750 2.0701 0.8500
2.7061 2.0939 0.8500
2.7299 2.1250 0.8500
2.7449 2.1612 0.8500
2.7500 2.2000 0.9000
2.7449 2.2388 0.9000
2.7299 2.2750 0.9000
2.7061 2.3061 0.9000
2.6750 2.3299 0.9000
2.6388 2.3449 0.9000
2.6000 2.3500 0.9000
2.5612 2.3449 0.9000
2.5250 2.3299 0.9000
2.4939 2.3061 0.9000
2.4701 2.2750 0.9000
2.4551 2.2388 0.9000
2.4500 2.2000 0.9000
2.4551 2.1612 0.9000
2.4701 2.1250 0.9000
2.4939 2.0939 0.9000
2.5250 2.0701 0.9000
2.5612 2.0551 0.9000
2.6000 2.0500 0.9000
2.6388 2.0551 0.9000
2.6750 2.0701 0.9000
2.7061 2.0939 0.9000
2.7299 2.1250 0.9000
2.7449 2.1612 0.9000
2.7500 2.2000 0.9500
2.7449 2.2388 0.9500
2.7299 2.2750 0.9500
2.7061 2.3061 0.9500
2.6750 2.3299 0.9500
2.6388 2.3449 0.9500
2.6000 2.3500 0.9500
2.5612 2.3449 0.9500
2.5250 2.3299 0.9500
2.4939 2.3061 0.9500
2.4701 2.2750 0.9500
2.4551 2.2388 0.9500
2.4500 2.2000 0.9500
2.4551 2.1612 0.9500
2.4701 2.1250 0.9500
2.4939 2.0939 0.9500
2.5250 2.0701 0.9500
2.5612 2.0551 0.9500
2.6000 2.0500 0.9500
2.6388 2.0551 0.9500
2.6750 2.0701 0.9500
2.7061 2.0939 0.9500
2.7299 2.1250 0.9500
2.7449 2.1612 0.9500
2.7500 2.2000 1.0000
2.7449 2.2388 1.0000
2.7299 2.2750 1.0000
2.7061 2.3061 1.0000
2.6750 2.3299 1.0000
2.6388 2.3449 1.0000
2.6000 2.3500 1.0000
2.5612 2.3449 1.0000
2.5250 2.3299 1.0000
2.4939 2.3061 1.0000
2.4701 2.2750 1.0000
2.4551 2.2388 1.0000
2.4500 2.2000 1.0000
2.4551 2.1612 1.0000
2.4701 2.1250 1.0000
2.4939 2.0939 1.0000
2.5250 2.0701 1.0000
2.5612 2.0551 1.0000
2.6000 2.0500 1.0000
2.6388 2.0551 1.0000
2.6750 2.0701 1.0000
2.7061 2.0939 1.0000
2.7299 2.1250 1.0000
2.7449 2.1612 1.0000
2.7500 2.2000 1.0500
2.7449 2.2388 1.0500
2.7299 2.2750 1.0500
2.7061 2.3061 1.0500
2.6750 2.3299 1.0500
2.6388 2.3449 1.0500
2.6000 2.3500 1.0500
2.5612 2.3449 1.0500
2.5250 2.3299 1.0500
2.4939 2.3061 1.0500
2.4701 2.2750 1.0500
2.4551 2.2388 1.0500
2.4500 2.2000 1.0500
2.4551 2.1612 1.0500
2.4701 2.1250 1.0500
2.4939 2.0939 1.0500
2.5250 2.0701 1.0500
2.5612 2.0551 1.0500
2.6000 2.0500 1.0500
2.6388 2.0551 1.0500
2.6750 2.0701 1.0500
2.7061 2.0939 1.0500
2.7299 2.1250 1.0500
2.7449 2.1612 1.0500
2.7500 2.2000 1.1000
2.7449 2.2388 1.1000
2.7299 2.2750 1.1000
2.7061 2.3061 1.1000
2.6750 2.3299 1.1000
2.6388 2.3449 1.1000
2.6000 2.3500 1.1000
2.5612 2.3449 1.1000
2.5250 2.3299 1.1000
2.4939 2.3061 1.1000
2.4701 2.2750 1.1000
2.4551 2.2388 1.1000
2.4500 2.2000 1.1000
2.4551 2.1612 1.1000
2.4701 2.1250 1.1000
2.4939 2.0939 1.1000
2.5250 2.0701 1.1000
2.5612 2.0551 1.1000
2.6000 2.0500 1.1000
2.6388 2.0551 1.1000
2.6750 2.0701 1.1000
2.7061 2.0939 1.1000
2.7299 2.1250 1.1000
2.7449 2.1612 1.1000
2.7500 2.2000 1.1500
2.7449 2.2388 1.1500
2.7299 2.2750 1.1500
2.7061 2.3061 1.1500
2.6750 2.3299 1.1500
2.6388 2.3449 1.1500
2.6000 2.3500 1.1500
2.5612 2.3449 1.1500
2.5250 2.3299 1.1500
2.4939 2.3061 1.1500
2.4701 2.2750 1.1500
2.4551 2.2388 1.1500
2.4500 2.2000 1.1500
2.4551 2.1612 1.1500
2.4701 2.1250 1.1500
2.4939 2.0939 1.1500
2.5250 2.0701 1.1500
2.5612 2.0551 1.1500
2.6000 2.0500 1.1500
2.6388 2.0551 1.1500
2.6750 2.0701 1.1500
2.7061 2.0939 1.1500
2.7299 2.1250 1.1500
2.7449 2.1612 1.1500
2.7500 2.2000 1.2000
2.7449 2.2388 1.2000
2.7299 2.2750 1.2000
2.7061 2.3061 1.2000
2.6750 2.3299 1.2000
2.6388 2.3449 1.2000
2.6000 2.3500 1.2000
2.5612 2.3449 1.2000
2.5250 2.3299 1.2000
2.4939 2.3061 1.2000
2.4701 2.2750 1.2000
2.4551 2.2388 1.2000
2.4500 2.2000 1.2000
2.4551 2.1612 1.2000
2.4701 2.1250 1.2000
2.4939 2.0939 1.2000
2.5250 2.0701 1.2000
2.5612 2.0551 1.2000
2.6000 2.0500 1.2000
2.6388 2.0551 1.2000
2.6750 2.0701 1.2000
2.7061 2.0939 1.2000
2.7299 2.1250 1.2000
2.7449 2.1612 1.2000
2.7500 2.2000 1.2500
2.7449 2.2388 1.2500
2.7299 2.2750 1.2500
2.7061 2.3061 1.2500
2.6750 2.3299 1.2500
2.6388 2.3449 1.2500
2.6000 2.3500 1.2500
2.5612 2.3449 1.2500
2.5250 2.3299 1.2500
2.4939 2.3061 1.2500
2.4701 2.2750 1.2500
2.4551 2.2388 1.2500
2.4500 2.2000 1.2500
2.4551 2.1612 1.2500
2.4701 2.1250 1.2500
2.4939 2.0939 1.2500
2.5250 2.0701 1.2500
2.5612 2.0551 1.2500
2.6000 2.0500 1.2500
2.6388 2.0551 1.2500
2.6750 2.0701 1.2500
2.7061 2.0939 1.2500
2.7299 2.1250 1.2500
2.7449 2.1612 1.2500
2.7500 2.2000 1.3000
2.7449 2.2388 1.3000
2.7299 2.2750 1.3000
2.7061 2.3061 1.3000
2.6750 2.3299 1.3000
2.6388 2.3449 1.3000
2.6000 2.3500 1.3000
2.5612 2.3449 1.3000
2.5250 2.3299 1.3000
2.4939 2.3061 1.3000
2.4701 2.2750 1.3000
2.4551 2.2388 1.3000
2.4500 2.2000 1.3000
2.4551 2.1612 1.3000
2.4701 2.1250 1.3000
2.4939 2.0939 1.3000
2.5250 2.0701 1.3000
2.5612 2.0551 1.3000
2.6000 2.0500 1.3000
2.6388 2.0551 1.3000
2.6750 2.0701 1.3000
2.7061 2.0939 1.3000
2.7299 2.1250 1.3000
2.7449 2.1612 1.3000
2.7500 2.2000 1.3500
2.7449 2.2388 1.3500
2.7299 2.2750 1.3500
2.7061 2.3061 1.3500
2.6750 2.3299 1.3500
2.6388 2.3449 1.3500
2.6000 2.3500 1.3500
2.5612 2.3449 1.3500
2.5250 2.3299 1.3500
2.4939 2.3061 1.3500
2.4701 2.2750 1.3500
2.4551 2.2388 1.3500
2.4500 2.2000 1.3500
2.4551 2.1612 1.3500
2.4701 2.1250 1.3500
2.4939 2.0939 1.3500
2.5250 2.0701 1.3500
2.5612 2.0551 1.3500
2.6000 2.0500 1.3500
2.6388 2.0551 1.3500
2.6750 2.0701 1.3500
2.7061 2.0939 1.3500
2.7299 2.1250 1.3500
2.7449 2.1612 1.3500
2.7500 2.2000 1.4000
2.7449 2.2388 1.4000
2.7299 2.2750 1.4000
2.7061 2.3061 1.4000
2.6750 2.3299 1.4000
2.6388 2.3449 1.4000
2.6000 2.3500 1.4000
2.5612 2.3449 1.4000
2.5250 2.3299 1.4000
2.4939 2.3061 1.4000
2.4701 2.2750 1.4000
2.4551 2.2388 1.4000
2.4500 2.2000 1.4000
2.4551 2.1612 1.4000
2.4701 2.1250 1.4000
2.4939 2.0939 1.4000
2.5250 2.0701 1.4000
2.5612 2.0551 1.4000
2.6000 2.0500 1.4000
2.6388 2.0551 1.4000
2.6750 2.0701 1.4000
2.7061 2.0939 1.4000
2.7299 2.1250 1.4000
2.7449 2.1612 1.4000
2.7500 2.2000 1.4500
2.7449 2.2388 1.4500
2.7299 2.2750 1.4500
2.7061 2.3061 1.4500
2.6750 2.3299 1.4500
2.6388 2.3449 1.4500
2.6000 2.3500 1.4500
2.5612 2.3449 1.4500
2.5250 2.3299 1.4500
2.4939 2.3061 1.4500
2.4701 2.2750 1.4500
2.4551 2.2388 1.4500
2.4500 2.2000 1.4500
2.4551 2.1612 1.4500
2.4701 2.1250 1.4500
2.4939 2.0939 1.4500
2.5250 2.0701 1.4500
2.5612 2.0551 1.4500
2.6000 2.0500 1.4500
2.6388 2.0551 1.4500
2.6750 2.0701 1.4500
2.7061 2.0939 1.4500
2.7299 2.1250 1.4500
2.7449 2.1612 1.4500
2.7500 2.2000 1.5000
2.7449 2.2388 1.5000
2.7299 2.2750 1.5000
2.7061 2.3061 1.5000
2.6750 2.3299 1.5000
2.6388 2.3449 1.5000
2.6000 2.3500 1.5000
2.5612 2.3449 1.5000
2.5250 2.3299 1.5000
2.4939 2.3061 1.5000
2.4701 2.2750 1.5000
2.4551 2.2388 1.5000
2.4500 2.2000 1.5000
2.4551 2.1612 1.5000
2.4701 2.1250 1.5000
2.4939 2.0939 1.5000
2.5250 2.0701 1.5000
2.5612 2.0551 1.5000
2.6000 2.0500 1.5000
2.6388 2.0551 1.5000
2.6750 2.0701 1.5000
2.7061 2.0939 1.5000
2.7299 2.1250 1.5000
2.7449 2.1612 1.5000
2.7500 2.2000 1.5500
2.7449 2.2388 1.5500
2.7299 2.2750 1.5500
2.7061 2.3061 1.5500
2.6750 2.3299 1.5500
2.6388 2.3449 1.5500
2.6000 2.3500 1.5500
2.5612 2.3449 1.5500
2.5250 2.3299 1.5500
2.4939 2.3061 1.5500
2.4701 2.2750 1.5500
2.4551 2.2388 1.5500
2.4500 2.2000 1.5500
2.4551 2.1612 1.5500
2.4701 2.1250 1.5500
2.4939 2.0939 1.5500
2.5250 2.0701 1.5500
2.5612 2.0551 1.5500
2.6000 2.0500 1.5500
2.6388 2.0551 1.5500
2.6750 2.0701 1.5500
2.7061 2.0939 1.5500
2.7299 2.1250 1.5500
2.7449 2.1612 1.5500
2.7500 2.2000 1.6000
2.7449 2.2388 1.6000
2.7299 2.2750 1.6000
2.7061 2.3061 1.6000
2.6750 2.3299 1.6000
2.6388 2.3449 1.6000
2.6000 2.3500 1.6000
2.5612 2.3449 1.6000
2.5250 2.3299 1.6000
2.4939 2.3061 1.6000
2.4701 2.2750 1.6000
2.4551 2.2388 1.6000
2.4500 2.2000 1.6000
2.4551 2.1612 1.6000
2.4701 2.1250 1.6000
2.4939 2.0939 1.6000
2.5250 2.0701 1.6000
2.5612 2.0551 1.6000
2.6000 2.0500 1.6000
2.6388 2.0551 1.6000
2.6750 2.0701 1.6000
2.7061 2.0939 1.6000
2.7299 2.1250 1.6000
2.7449 2.1612 1.6000
2.7500 2.2000 1.6500
2.7449 2.2388 1.6500
2.7299 2.2750 1.6500
2.7061 2.3061 1.6500
2.6750 2.3299 1.6500
2.6388 2.3449 1.6500
2.6000 2.3500 1.6500
2.5612 2.3449 1.6500
2.5250 2.3299 1.6500
2.4939 2.3061 1.6500
2.4701 2.2750 1.6500
2.4551 2.2388 1.6500
2.4500 2.2000 1.6500
2.4551 2.1612 1.6500
2.4701 2.1250 1.6500
2.4939 2.0939 1.6500
2.5250 2.0701 1.6500
2.5612 2.0551 1.6500
2.6000 2.0500 1.6500
2.6388 2.0551 1.6500
2.6750 2.0701 1.6500
2.7061 2.0939 1.6500
2.7299 2.1250 1.6500
2.7449 2.1612 1.6500
2.7500 2.2000 1.7000
2.7449 2.2388 1.7000
2.7299 2.2750 1.7000
2.7061 2.3061 1.7000
2.6750 2.3299 1.7000
2.6388 2.3449 1.7000
2.6000 2.3500 1.7000
2.5612 2.3449 1.7000
2.5250 2.3299 1.7000
2.4939 2.3061 1.7000
2.4701 2.2750 1.7000
2.4551 2.2388 1.7000
2.4500 2.2000 1.7000
2.4551 2.1612 1.7000
2.4701 2.1250 1.7000
2.4939 2.0939 1.7000
2.5250 2.0701 1.7000
2.5612 2.0551 1.7000
2.6000 2.0500 1.7000
2.6388 2.0551 1.7000
2.6750 2.0701 1.7000
2.7061 2.0939 1.7000
2.7299 2.1250 1.7000
2.7449 2.1612 1.7000
2.7500 2.2000 1.7500
2.7449 2.2388 1.7500
2.7299 2.2750 1.7500
2.7061 2.3061 1.7500
2.6750 2.3299 1.7500
2.6388 2.3449 1.7500
2.6000 2.3500 1.7500
2.5612 2.3449 1.7500
2.5250 2.3299 1.7500
2.4939 2.3061 1.7500
2.4701 2.2750 1.7500
2.4551 2.2388 1.7500
2.4500 2.2000 1.7500
2.4551 2.1612 1.7500
2.4701 2.1250 1.7500
2.4939 2.0939 1.7500
2.5250 2.0701 1.7500
2.5612 2.0551 1.7500
2.6000 2.0500 1.7500
2.6388 2.0551 1.7500
2.6750 2.0701 1.7500
2.7061 2.0939 1.7500
2.7299 2.1250 1.7500
2.7449 2.1612 1.7500
2.7500 2.2000 1.8000
2.7449 2.2388 1.8000
2.7299 2.2750 1.8000
2.7061 2.3061 1.8000
2.6750 2.3299 1.8000
2.6388 2.3449 1.8000
2.6000 2.3500 1.8000
2.5612 2.3449 1.8000
2.5250 2.3299 1.8000
2.4939 2.3061 1.8000
2.4701 2.2750 1.8000
2.4551 2.2388 1.8000
2.4500 2.2000 1.8000
2.4551 2.1612 1.8000
2.4701 2.1250 1.8000
2.4939 2.0939 1.8000
2.5250 2.0701 1.8000
2.5612 2.0551 1.8000
2.6000 2.0500 1.8000
2.6388 2.0551 1.8000
2.6750 2.0701 1.8000
2.7061 2.0939 1.8000
2.7299 2.1250 1.8000
2.7449 2.1612 1.8000
2.7500 2.2000 1.8500
2.7449 2.2388 1.8500
2.7299 2.2750 1.8500
2.7061 2.3061 1.8500
2.6750 2.3299 1.8500
2.6388 2.3449 1.8500
2.6000 2.3500 1.8500
2.5612 2.3449 1.8500
2.5250 2.3299 1.8500
2.4939 2.3061 1.8500
2.4701 2.2750 1.8500
2.4551 2.2388 1.8500
2.4500 2.2000 1.8500
2.4551 2.1612 1.8500
2.4701 2.1250 1.8500
2.4939 2.0939 1.8500
2.5250 2.0701 1.8500
2.5612 2.0551 1.8500
2.6000 2.0500 1.8500
2.6388 2.0551 1.8500
2.6750 2.0701 1.8500
2.7061 2.0939 1.8500
2.7299 2.1250 1.8500
2.7449 2.1612 1.8500
2.7500 2.2000 1.9000
2.7449 2.2388 1.9000
2.7299 2.2750 1.9000
2.7061 2.3061 1.9000
2.6750 2.3299 1.9000
2.6388 2.3449 1.9000
2.6000 2.3500 1.9000
2.5612 2.3449 1.9000
2.5250 2.3299 1.9000
2.4939 2.3061 1.9000
2.4701 2.2750 1.9000
2.4551 2.2388 1.9000
2.4500 2.2000 1.9000
2.4551 2.1612 1.9000
2.4701 2.1250 1.9000
2.4939 2.0939 1.9000
2.5250 2.0701 1.9000
2.5612 2.0551 1.9000
2.6000 2.0500 1.9000
2.6388 2.0551 1.9000
2.6750 2.0701 1.9000
2.7061 2.0939 1.9000
2.7299 2.1250 1.9000
2.7449 2.1612 1.9000
2.7500 2.2000 1.9500
2.7449 2.2388 1.9500
2.7299 2.2750 1.9500
2.7061 2.3061 1.9500
2.6750 2.3299 1.9500
2.6388 2.3449 1.9500
2.6000 2.3500 1.9500
2.5612 2.3449 1.9500
2.5250 2.3299 1.9500
2.4939 2.3061 1.9500
2.4701 2.2750 1.9500
2.4551 2.2388 1.9500
2.4500 2.2000 1.9500
2.4551 2.1612 1.9500
2.4701 2.1250 1.9500
2.4939 2.0939 1.9500
2.5250 2.0701 1.9500
2.5612 2.0551 1.9500
2.6000 2.0500 1.9500
2.6388 2.0551 1.9500
2.6750 2.0701 1.9500
2.7061 2.0939 1.9500
2.7299 2.1250 1.9500
2.7449 2.1612 1.9500
2.7500 2.2000 2.0000
2.7449 2.2388 2.0000
2.7299 2.2750 2.0000
2.7061 2.3061 2.0000
2.6750 2.3299 2.0000
2.6388 2.3449 2.0000
2.6000 2.3500 2.0000
2.5612 2.3449 2.0000
2.5250 2.3299 2.0000
2.4939 2.3061 2.0000
2.4701 2.2750 2.0000
2.4551 2.2388 2.0000
2.4500 2.2000 2.0000
2.4551 2.1612 2.0000
2.4701 2.1250 2.0000
2.4939 2.0939 2.0000
2.5250 2.0701 2.0000
2.5612 2.0551 2.0000
2.6000 2.0500 2.0000
2.6388 2.0551 2.0000
2.6750 2.0701 2.0000
2.7061 2.0939 2.0000
2.7299 2.1250 2.0000
2.7449 2.1612 2.0000
2.6000 2.2000 0.0000
2.6750 2.2000 0.0000
2.6724 2.2194 0.0000
2.6650 2.2375 0.0000
2.6530 2.2530 0.0000
2.6375 2.2650 0.0000
2.6194 2.2724 0.0000
2.6000 2.2750 0.0000
2.5806 2.2724 0.0000
2.5625 2.2650 0.0000
2.5470 2.2530 0.0000
2.5350 2.2375 0.0000
2.5276 2.2194 0.0000
2.5250 2.2000 0.0000
2.5276 2.1806 0.0000
2.5350 2.1625 0.0000
2.5470 2.1470 0.0000
2.5625 2.1350 0.0000
2.5806 2.1276 0.0000
2.6000 2.1250 0.0000
2.6194 2.1276 0.0000
2.6375 2.1350 0.0000
2.6530 2.1470 0.0000
2.6650 2.1625 0.0000
2.6724 2.1806 0.0000
2.7500 2.2000 0.0000
2.7449 2.2388 0.0000
2.7299 2.2750 0.0000
2.7061 2.3061 0.0000
2.6750 2.3299 0.0000
2.6388 2.3449 0.0000
2.6000 2.3500 0.0000
2.5612 2.3449 0.0000
2.5250 2.3299 0.0000
2.4939 2.3061 0.0000
2.4701 2.2750 0.0000
2.4551 2.2388 0.0000
2.4500 2.2000 0.0000
2.4551 2.1612 0.0000
2.4701 2.1250 0.0000
2.4939 2.0939 0.0000
2.5250 2.0701 0.0000
2.5612 2.0551 0.0000
2.6000 2.0500 0.0000
2.6388 2.0551 0.0000
2.6750 2.0701 0.0000
2.7061 2.0939 0.0000
2.7299 2.1250 0.0000
2.7449 2.1612 0.0000
2.6000 2.2000 2.0000
2.6750 2.2000 2.0000
2.6724 2.2194 2.0000
2.6650 2.2375 2.0000
2.6530 2.2530 2.0000
2.6375 2.2650 2.0000
2.6194 2.2724 2.0000
2.6000 2.2750 2.0000
2.5806 2.2724 2.0000
2.5625 2.2650 2.0000
2.5470 2.2530 2.0000
2.5350 2.2375 2.0000
2.5276 2.2194 2.0000
2.5250 2.2000 2.0000
2.5276 2.1806 2.0000
2.5350 2.1625 2.0000
2.5470 2.1470 2.0000
2.5625 2.1350 2.0000
2.5806 2.1276 2.0000
2.6000 2.1250 2.0000
2.6194 2.1276 2.0000
2.6375 2.1350 2.0000
2.6530 2.1470 2.0000
2.6650 2.1625 2.0000
2.6724 2.1806 2.0000
2.7500 2.2000 2.0000
2.7449 2.2388 2.0000
2.7299 2.2750 2.0000
2.7061 2.3061 2.0000
2.6750 2.3299 2.0000
2.6388 2.3449 2.0000
2.6000 2.3500 2.0000
2.5612 2.3449 2.0000
2.5250 2.3299 2.0000
2.4939 2.3061 2.0000
2.4701 2.2750 2.0000
2.4551 2.2388 2.0000
2.4500 2.2000 2.0000
2.4551 2.1612 2.0000
2.4701 2.1250 2.0000
2.4939 2.0939 2.0000
2.5250 2.0701 2.0000
2.5612 2.0551 2.0000
2.6000 2.0500 2.0000
2.6388 2.0551 2.0000
2.6750 2.0701 2.0000
2.7061 2.0939 2.0000
2.7299 2.1250 2.0000
2.7449 2.1612 2.0000
